title,price,area_sqm,bedrooms,bathrooms,property_type,furnishing,location,description,url,scraped_at,source,price_per_sqm,log_price,city
Apartment in New Cairo,2309760,126,4,2,Apartment,Semi-furnished,New Cairo,"Beautiful apartment in New Cairo. 4 bedrooms, 2 bathrooms, 126 sqm. Semi-furnished.",https://example.com/property/0,2026-05-04T18:39:28.475415,sample,18331.428571428572,14.652654613941827,Cairo
Studio in New Cairo,484944,57,0,1,Studio,Unfurnished,New Cairo,"Beautiful studio in New Cairo. 0 bedrooms, 1 bathrooms, 57 sqm. Unfurnished.",https://example.com/property/1,2026-05-04T18:39:28.475448,sample,8507.78947368421,13.091790761427264,Cairo
Studio in Cairo,487938,50,0,1,Studio,Semi-furnished,Cairo,"Beautiful studio in Cairo. 0 bedrooms, 1 bathrooms, 50 sqm. Semi-furnished.",https://example.com/property/2,2026-05-04T18:39:28.475454,sample,9758.76,13.097945677022134,Cairo
Studio in Giza,433382,60,0,1,Studio,Semi-furnished,Giza,"Beautiful studio in Giza. 0 bedrooms, 1 bathrooms, 60 sqm. Semi-furnished.",https://example.com/property/3,2026-05-04T18:39:28.475457,sample,7223.033333333334,12.979377142580429,Giza
Studio in 6th October,297869,39,0,1,Studio,Furnished,6th October,"Beautiful studio in 6th October. 0 bedrooms, 1 bathrooms, 39 sqm. Furnished.",https://example.com/property/4,2026-05-04T18:39:28.475461,sample,7637.666666666667,12.604412428695749,6th October
Townhouse in Giza,2160630,170,2,2,Townhouse,Semi-furnished,Giza,"Beautiful townhouse in Giza. 2 bedrooms, 2 bathrooms, 170 sqm. Semi-furnished.",https://example.com/property/5,2026-05-04T18:39:28.475466,sample,12709.588235294117,14.585910866628426,Giza
Townhouse in Giza,2279252,140,4,4,Townhouse,Unfurnished,Giza,"Beautiful townhouse in Giza. 4 bedrooms, 4 bathrooms, 140 sqm. Unfurnished.",https://example.com/property/6,2026-05-04T18:39:28.475471,sample,16280.371428571429,14.639358315668725,Giza
Apartment in Sheikh Zayed,2656146,158,2,2,Apartment,Semi-furnished,Sheikh Zayed,"Beautiful apartment in Sheikh Zayed. 2 bedrooms, 2 bathrooms, 158 sqm. Semi-furnished.",https://example.com/property/7,2026-05-04T18:39:28.475475,sample,16811.050632911392,14.792387134432449,Sheikh Zayed
Townhouse in 6th October,2730430,238,4,5,Townhouse,Furnished,6th October,"Beautiful townhouse in 6th October. 4 bedrooms, 5 bathrooms, 238 sqm. Furnished.",https://example.com/property/8,2026-05-04T18:39:28.475479,sample,11472.394957983193,14.819970030158,6th October
Townhouse in 6th October,3411731,255,5,5,Townhouse,Furnished,6th October,"Beautiful townhouse in 6th October. 5 bedrooms, 5 bathrooms, 255 sqm. Furnished.",https://example.com/property/9,2026-05-04T18:39:28.475482,sample,13379.33725490196,15.042730638201633,6th October
Villa in Giza,6125636,280,4,4,Villa,Furnished,Giza,"Beautiful villa in Giza. 4 bedrooms, 4 bathrooms, 280 sqm. Furnished.",https://example.com/property/10,2026-05-04T18:39:28.475486,sample,21877.27142857143,15.62799330898744,Giza
Apartment in Giza,1935465,147,2,2,Apartment,Semi-furnished,Giza,"Beautiful apartment in Giza. 2 bedrooms, 2 bathrooms, 147 sqm. Semi-furnished.",https://example.com/property/11,2026-05-04T18:39:28.475490,sample,13166.42857142857,14.475858682325267,Giza
Villa in 6th October,5294644,347,6,5,Villa,Unfurnished,6th October,"Beautiful villa in 6th October. 6 bedrooms, 5 bathrooms, 347 sqm. Unfurnished.",https://example.com/property/12,2026-05-04T18:39:28.475494,sample,15258.340057636888,15.482206490388577,6th October
Duplex in Alexandria,4460666,212,4,4,Duplex,Unfurnished,Alexandria,"Beautiful duplex in Alexandria. 4 bedrooms, 4 bathrooms, 212 sqm. Unfurnished.",https://example.com/property/13,2026-05-04T18:39:28.475498,sample,21040.877358490565,15.310808864384033,Alexandria
Apartment in New Cairo,4080765,169,4,4,Apartment,Furnished,New Cairo,"Beautiful apartment in New Cairo. 4 bedrooms, 4 bathrooms, 169 sqm. Furnished.",https://example.com/property/14,2026-05-04T18:39:28.475501,sample,24146.53846153846,15.221795273856479,Cairo
Townhouse in New Cairo,3563920,289,2,2,Townhouse,Furnished,New Cairo,"Beautiful townhouse in New Cairo. 2 bedrooms, 2 bathrooms, 289 sqm. Furnished.",https://example.com/property/15,2026-05-04T18:39:28.475505,sample,12331.90311418685,15.086371901221666,Cairo
Apartment in Giza,1377477,92,3,2,Apartment,Semi-furnished,Giza,"Beautiful apartment in Giza. 3 bedrooms, 2 bathrooms, 92 sqm. Semi-furnished.",https://example.com/property/16,2026-05-04T18:39:28.475509,sample,14972.576086956522,14.135764848919782,Giza
Villa in Sheikh Zayed,8332280,343,5,3,Villa,Unfurnished,Sheikh Zayed,"Beautiful villa in Sheikh Zayed. 5 bedrooms, 3 bathrooms, 343 sqm. Unfurnished.",https://example.com/property/17,2026-05-04T18:39:28.475513,sample,24292.361516034984,15.935647806190374,Sheikh Zayed
Studio in Sheikh Zayed,682133,48,0,1,Studio,Unfurnished,Sheikh Zayed,"Beautiful studio in Sheikh Zayed. 0 bedrooms, 1 bathrooms, 48 sqm. Unfurnished.",https://example.com/property/18,2026-05-04T18:39:28.475516,sample,14211.104166666666,13.432981398464165,Sheikh Zayed
Apartment in Cairo,1770245,132,4,2,Apartment,Unfurnished,Cairo,"Beautiful apartment in Cairo. 4 bedrooms, 2 bathrooms, 132 sqm. Unfurnished.",https://example.com/property/19,2026-05-04T18:39:28.475519,sample,13410.94696969697,14.38662907794361,Cairo
Villa in New Cairo,9709206,328,6,5,Villa,Semi-furnished,New Cairo,"Beautiful villa in New Cairo. 6 bedrooms, 5 bathrooms, 328 sqm. Semi-furnished.",https://example.com/property/20,2026-05-04T18:39:28.475523,sample,29601.23780487805,16.088585168549354,Cairo
Townhouse in Sheikh Zayed,2248956,209,2,1,Townhouse,Furnished,Sheikh Zayed,"Beautiful townhouse in Sheikh Zayed. 2 bedrooms, 1 bathrooms, 209 sqm. Furnished.",https://example.com/property/21,2026-05-04T18:39:28.475526,sample,10760.555023923445,14.625977111149956,Sheikh Zayed
Duplex in New Cairo,2938348,116,3,3,Duplex,Semi-furnished,New Cairo,"Beautiful duplex in New Cairo. 3 bedrooms, 3 bathrooms, 116 sqm. Semi-furnished.",https://example.com/property/22,2026-05-04T18:39:28.475529,sample,25330.58620689655,14.893358416952545,Cairo
Studio in New Cairo,432368,31,0,1,Studio,Furnished,New Cairo,"Beautiful studio in New Cairo. 0 bedrooms, 1 bathrooms, 31 sqm. Furnished.",https://example.com/property/23,2026-05-04T18:39:28.475532,sample,13947.354838709678,12.977034669300167,Cairo
Apartment in Alexandria,1739643,120,1,1,Apartment,Semi-furnished,Alexandria,"Beautiful apartment in Alexandria. 1 bedrooms, 1 bathrooms, 120 sqm. Semi-furnished.",https://example.com/property/24,2026-05-04T18:39:28.475537,sample,14497.025,14.369191052556598,Alexandria
Villa in Alexandria,4644559,168,4,5,Villa,Unfurnished,Alexandria,"Beautiful villa in Alexandria. 4 bedrooms, 5 bathrooms, 168 sqm. Unfurnished.",https://example.com/property/25,2026-05-04T18:39:28.475541,sample,27646.184523809523,15.351207200232029,Alexandria
Apartment in Sheikh Zayed,3004847,143,4,2,Apartment,Semi-furnished,Sheikh Zayed,"Beautiful apartment in Sheikh Zayed. 4 bedrooms, 2 bathrooms, 143 sqm. Semi-furnished.",https://example.com/property/26,2026-05-04T18:39:28.475544,sample,21012.916083916083,14.915737542309385,Sheikh Zayed
Duplex in Sheikh Zayed,2576640,200,2,1,Duplex,Semi-furnished,Sheikh Zayed,"Beautiful duplex in Sheikh Zayed. 2 bedrooms, 1 bathrooms, 200 sqm. Semi-furnished.",https://example.com/property/27,2026-05-04T18:39:28.475547,sample,12883.2,14.761997170655714,Sheikh Zayed
Duplex in Sheikh Zayed,2730417,106,2,3,Duplex,Semi-furnished,Sheikh Zayed,"Beautiful duplex in Sheikh Zayed. 2 bedrooms, 3 bathrooms, 106 sqm. Semi-furnished.",https://example.com/property/28,2026-05-04T18:39:28.475550,sample,25758.650943396227,14.819965268993572,Sheikh Zayed
Villa in 6th October,5730981,266,5,4,Villa,Furnished,6th October,"Beautiful villa in 6th October. 5 bedrooms, 4 bathrooms, 266 sqm. Furnished.",https://example.com/property/29,2026-05-04T18:39:28.475554,sample,21545.041353383458,15.56139745271582,6th October
Apartment in Sheikh Zayed,1764251,171,2,1,Apartment,Unfurnished,Sheikh Zayed,"Beautiful apartment in Sheikh Zayed. 2 bedrooms, 1 bathrooms, 171 sqm. Unfurnished.",https://example.com/property/30,2026-05-04T18:39:28.475557,sample,10317.25730994152,14.383237362488622,Sheikh Zayed
Apartment in 6th October,1007870,96,1,2,Apartment,Unfurnished,6th October,"Beautiful apartment in 6th October. 1 bedrooms, 2 bathrooms, 96 sqm. Unfurnished.",https://example.com/property/31,2026-05-04T18:39:28.475560,sample,10498.645833333334,13.823350743233323,6th October
Villa in 6th October,6238165,285,6,7,Villa,Unfurnished,6th October,"Beautiful villa in 6th October. 6 bedrooms, 7 bathrooms, 285 sqm. Unfurnished.",https://example.com/property/32,2026-05-04T18:39:28.475563,sample,21888.298245614034,15.646196786889115,6th October
Villa in Cairo,4263643,150,4,3,Villa,Furnished,Cairo,"Beautiful villa in Cairo. 4 bedrooms, 3 bathrooms, 150 sqm. Furnished.",https://example.com/property/33,2026-05-04T18:39:28.475567,sample,28424.286666666667,15.26563475166131,Cairo
Villa in Alexandria,9592141,369,6,7,Villa,Semi-furnished,Alexandria,"Beautiful villa in Alexandria. 6 bedrooms, 7 bathrooms, 369 sqm. Semi-furnished.",https://example.com/property/34,2026-05-04T18:39:28.475571,sample,25994.962059620597,16.076454779583244,Alexandria
Townhouse in New Cairo,4895884,287,4,3,Townhouse,Semi-furnished,New Cairo,"Beautiful townhouse in New Cairo. 4 bedrooms, 3 bathrooms, 287 sqm. Semi-furnished.",https://example.com/property/35,2026-05-04T18:39:28.475575,sample,17058.829268292684,15.403905614336347,Cairo
Apartment in New Cairo,1740107,104,1,2,Apartment,Unfurnished,New Cairo,"Beautiful apartment in New Cairo. 1 bedrooms, 2 bathrooms, 104 sqm. Unfurnished.",https://example.com/property/36,2026-05-04T18:39:28.475579,sample,16731.798076923078,14.36945773823003,Cairo
Duplex in Alexandria,4187125,187,3,3,Duplex,Semi-furnished,Alexandria,"Beautiful duplex in Alexandria. 3 bedrooms, 3 bathrooms, 187 sqm. Semi-furnished.",https://example.com/property/37,2026-05-04T18:39:28.475582,sample,22391.042780748663,15.247525137693941,Alexandria
Villa in Giza,3999812,178,6,7,Villa,Unfurnished,Giza,"Beautiful villa in Giza. 6 bedrooms, 7 bathrooms, 178 sqm. Unfurnished.",https://example.com/property/38,2026-05-04T18:39:28.475586,sample,22470.85393258427,15.201758167991349,Giza
Studio in New Cairo,567572,53,0,1,Studio,Furnished,New Cairo,"Beautiful studio in New Cairo. 0 bedrooms, 1 bathrooms, 53 sqm. Furnished.",https://example.com/property/39,2026-05-04T18:39:28.475589,sample,10708.905660377359,13.249124654426238,Cairo
Townhouse in 6th October,2356270,202,5,3,Townhouse,Unfurnished,6th October,"Beautiful townhouse in 6th October. 5 bedrooms, 3 bathrooms, 202 sqm. Unfurnished.",https://example.com/property/40,2026-05-04T18:39:28.475592,sample,11664.70297029703,14.672590842605585,6th October
Apartment in Giza,2526518,136,3,3,Apartment,Semi-furnished,Giza,"Beautiful apartment in Giza. 3 bedrooms, 3 bathrooms, 136 sqm. Semi-furnished.",https://example.com/property/41,2026-05-04T18:39:28.475595,sample,18577.33823529412,14.742353023970802,Giza
Duplex in 6th October,2944306,136,4,5,Duplex,Furnished,6th October,"Beautiful duplex in 6th October. 4 bedrooms, 5 bathrooms, 136 sqm. Furnished.",https://example.com/property/42,2026-05-04T18:39:28.475598,sample,21649.308823529413,14.895384033285438,6th October
Studio in Giza,647942,57,0,1,Studio,Furnished,Giza,"Beautiful studio in Giza. 0 bedrooms, 1 bathrooms, 57 sqm. Furnished.",https://example.com/property/43,2026-05-04T18:39:28.475601,sample,11367.40350877193,13.38155800850248,Giza
Duplex in Cairo,2712027,195,2,2,Duplex,Unfurnished,Cairo,"Beautiful duplex in Cairo. 2 bedrooms, 2 bathrooms, 195 sqm. Unfurnished.",https://example.com/property/44,2026-05-04T18:39:28.475604,sample,13907.83076923077,14.813207252472901,Cairo
Villa in Sheikh Zayed,6170846,167,6,5,Villa,Furnished,Sheikh Zayed,"Beautiful villa in Sheikh Zayed. 6 bedrooms, 5 bathrooms, 167 sqm. Furnished.",https://example.com/property/45,2026-05-04T18:39:28.475608,sample,36951.17365269461,15.635346663607413,Sheikh Zayed
Studio in New Cairo,512939,46,0,1,Studio,Furnished,New Cairo,"Beautiful studio in New Cairo. 0 bedrooms, 1 bathrooms, 46 sqm. Furnished.",https://example.com/property/46,2026-05-04T18:39:28.475611,sample,11150.847826086956,13.147914158248334,Cairo
Duplex in Alexandria,3323121,104,4,5,Duplex,Semi-furnished,Alexandria,"Beautiful duplex in Alexandria. 4 bedrooms, 5 bathrooms, 104 sqm. Semi-furnished.",https://example.com/property/47,2026-05-04T18:39:28.475614,sample,31953.08653846154,15.016415260475615,Alexandria
Studio in Alexandria,405989,47,0,1,Studio,Semi-furnished,Alexandria,"Beautiful studio in Alexandria. 0 bedrooms, 1 bathrooms, 47 sqm. Semi-furnished.",https://example.com/property/48,2026-05-04T18:39:28.475617,sample,8638.063829787234,12.914083807738661,Alexandria
Apartment in New Cairo,2315171,163,4,3,Apartment,Semi-furnished,New Cairo,"Beautiful apartment in New Cairo. 4 bedrooms, 3 bathrooms, 163 sqm. Semi-furnished.",https://example.com/property/49,2026-05-04T18:39:28.475620,sample,14203.503067484662,14.654994540798663,Cairo
Apartment in New Cairo,2328330,177,3,1,Apartment,Semi-furnished,New Cairo,"Beautiful apartment in New Cairo. 3 bedrooms, 1 bathrooms, 177 sqm. Semi-furnished.",https://example.com/property/50,2026-05-04T18:39:28.475623,sample,13154.406779661016,14.660662259857128,Cairo
Villa in Sheikh Zayed,7735140,332,6,5,Villa,Unfurnished,Sheikh Zayed,"Beautiful villa in Sheikh Zayed. 6 bedrooms, 5 bathrooms, 332 sqm. Unfurnished.",https://example.com/property/51,2026-05-04T18:39:28.475627,sample,23298.614457831325,15.861284270653154,Sheikh Zayed
Villa in Giza,5055978,184,6,5,Villa,Unfurnished,Giza,"Beautiful villa in Giza. 6 bedrooms, 5 bathrooms, 184 sqm. Unfurnished.",https://example.com/property/52,2026-05-04T18:39:28.475630,sample,27478.141304347828,15.436082061319192,Giza
Apartment in New Cairo,2658579,180,2,1,Apartment,Unfurnished,New Cairo,"Beautiful apartment in New Cairo. 2 bedrooms, 1 bathrooms, 180 sqm. Unfurnished.",https://example.com/property/53,2026-05-04T18:39:28.475633,sample,14769.883333333333,14.793302703631001,Cairo
Villa in Alexandria,5947011,265,5,4,Villa,Furnished,Alexandria,"Beautiful villa in Alexandria. 5 bedrooms, 4 bathrooms, 265 sqm. Furnished.",https://example.com/property/54,2026-05-04T18:39:28.475636,sample,22441.550943396225,15.598399466510807,Alexandria
Townhouse in New Cairo,1700183,135,2,1,Townhouse,Semi-furnished,New Cairo,"Beautiful townhouse in New Cairo. 2 bedrooms, 1 bathrooms, 135 sqm. Semi-furnished.",https://example.com/property/55,2026-05-04T18:39:28.475641,sample,12593.948148148149,14.346247038463545,Cairo
Duplex in 6th October,1822592,131,2,3,Duplex,Unfurnished,6th October,"Beautiful duplex in 6th October. 2 bedrooms, 3 bathrooms, 131 sqm. Unfurnished.",https://example.com/property/56,2026-05-04T18:39:28.475644,sample,13912.91603053435,14.41577077036961,6th October
Apartment in Alexandria,1559556,66,2,2,Apartment,Furnished,Alexandria,"Beautiful apartment in Alexandria. 2 bedrooms, 2 bathrooms, 66 sqm. Furnished.",https://example.com/property/57,2026-05-04T18:39:28.475647,sample,23629.636363636364,14.259912364538392,Alexandria
Townhouse in 6th October,2437788,219,4,2,Townhouse,Semi-furnished,6th October,"Beautiful townhouse in 6th October. 4 bedrooms, 2 bathrooms, 219 sqm. Semi-furnished.",https://example.com/property/58,2026-05-04T18:39:28.475650,sample,11131.452054794521,14.706602038928535,6th October
Duplex in Sheikh Zayed,5600258,250,4,3,Duplex,Semi-furnished,Sheikh Zayed,"Beautiful duplex in Sheikh Zayed. 4 bedrooms, 3 bathrooms, 250 sqm. Semi-furnished.",https://example.com/property/59,2026-05-04T18:39:28.475654,sample,22401.032,15.538323404635879,Sheikh Zayed
Studio in New Cairo,459614,49,0,1,Studio,Unfurnished,New Cairo,"Beautiful studio in New Cairo. 0 bedrooms, 1 bathrooms, 49 sqm. Unfurnished.",https://example.com/property/60,2026-05-04T18:39:28.475657,sample,9379.877551020409,13.038144461499877,Cairo
Duplex in Sheikh Zayed,2879942,155,3,4,Duplex,Unfurnished,Sheikh Zayed,"Beautiful duplex in Sheikh Zayed. 3 bedrooms, 4 bathrooms, 155 sqm. Unfurnished.",https://example.com/property/61,2026-05-04T18:39:28.475660,sample,18580.270967741937,14.873281060249605,Sheikh Zayed
Apartment in 6th October,1402107,100,2,1,Apartment,Semi-furnished,6th October,"Beautiful apartment in 6th October. 2 bedrooms, 1 bathrooms, 100 sqm. Semi-furnished.",https://example.com/property/62,2026-05-04T18:39:28.475673,sample,14021.07,14.153487376420069,6th October
Apartment in Giza,1768232,145,3,4,Apartment,Unfurnished,Giza,"Beautiful apartment in Giza. 3 bedrooms, 4 bathrooms, 145 sqm. Unfurnished.",https://example.com/property/63,2026-05-04T18:39:28.475677,sample,12194.703448275863,14.385491300826855,Giza
Studio in New Cairo,465634,40,0,1,Studio,Semi-furnished,New Cairo,"Beautiful studio in New Cairo. 0 bedrooms, 1 bathrooms, 40 sqm. Semi-furnished.",https://example.com/property/64,2026-05-04T18:39:28.475680,sample,11640.85,13.051157344395412,Cairo
Studio in Giza,715444,56,0,1,Studio,Semi-furnished,Giza,"Beautiful studio in Giza. 0 bedrooms, 1 bathrooms, 56 sqm. Semi-furnished.",https://example.com/property/65,2026-05-04T18:39:28.475684,sample,12775.785714285714,13.480660005701893,Giza
Duplex in New Cairo,2710689,126,4,3,Duplex,Semi-furnished,New Cairo,"Beautiful duplex in New Cairo. 4 bedrooms, 3 bathrooms, 126 sqm. Semi-furnished.",https://example.com/property/66,2026-05-04T18:39:28.475687,sample,21513.404761904763,14.812713772993735,Cairo
Duplex in New Cairo,3345694,232,4,2,Duplex,Semi-furnished,New Cairo,"Beautiful duplex in New Cairo. 4 bedrooms, 2 bathrooms, 232 sqm. Semi-furnished.",https://example.com/property/67,2026-05-04T18:39:28.475690,sample,14421.094827586207,15.023185002757904,Cairo
Studio in Cairo,427459,31,0,1,Studio,Furnished,Cairo,"Beautiful studio in Cairo. 0 bedrooms, 1 bathrooms, 31 sqm. Furnished.",https://example.com/property/68,2026-05-04T18:39:28.475693,sample,13789.0,12.965615995729802,Cairo
Villa in Giza,9027997,379,5,6,Villa,Semi-furnished,Giza,"Beautiful villa in Giza. 5 bedrooms, 6 bathrooms, 379 sqm. Semi-furnished.",https://example.com/property/69,2026-05-04T18:39:28.475697,sample,23820.572559366756,16.015841195386532,Giza
Townhouse in Alexandria,3155247,243,4,5,Townhouse,Unfurnished,Alexandria,"Beautiful townhouse in Alexandria. 4 bedrooms, 5 bathrooms, 243 sqm. Unfurnished.",https://example.com/property/70,2026-05-04T18:39:28.475700,sample,12984.555555555555,14.964577656256482,Alexandria
Townhouse in Alexandria,2011110,153,2,1,Townhouse,Furnished,Alexandria,"Beautiful townhouse in Alexandria. 2 bedrooms, 1 bathrooms, 153 sqm. Furnished.",https://example.com/property/71,2026-05-04T18:39:28.475703,sample,13144.509803921568,14.514197863651214,Alexandria
Apartment in New Cairo,2588578,153,3,3,Apartment,Furnished,New Cairo,"Beautiful apartment in New Cairo. 3 bedrooms, 3 bathrooms, 153 sqm. Furnished.",https://example.com/property/72,2026-05-04T18:39:28.475706,sample,16918.81045751634,14.766619634464329,Cairo
Apartment in Alexandria,2278855,131,4,3,Apartment,Unfurnished,Alexandria,"Beautiful apartment in Alexandria. 4 bedrooms, 3 bathrooms, 131 sqm. Unfurnished.",https://example.com/property/73,2026-05-04T18:39:28.475710,sample,17395.83969465649,14.639184120623804,Alexandria
Apartment in 6th October,2060276,93,4,3,Apartment,Furnished,6th October,"Beautiful apartment in 6th October. 4 bedrooms, 3 bathrooms, 93 sqm. Furnished.",https://example.com/property/74,2026-05-04T18:39:28.475713,sample,22153.505376344085,14.538350997745436,6th October
Duplex in Sheikh Zayed,3286888,145,2,3,Duplex,Furnished,Sheikh Zayed,"Beautiful duplex in Sheikh Zayed. 2 bedrooms, 3 bathrooms, 145 sqm. Furnished.",https://example.com/property/75,2026-05-04T18:39:28.475717,sample,22668.193103448277,15.005452082681574,Sheikh Zayed
Townhouse in Sheikh Zayed,3106959,203,5,3,Townhouse,Semi-furnished,Sheikh Zayed,"Beautiful townhouse in Sheikh Zayed. 5 bedrooms, 3 bathrooms, 203 sqm. Semi-furnished.",https://example.com/property/76,2026-05-04T18:39:28.475721,sample,15305.216748768473,14.949155314137178,Sheikh Zayed
Apartment in New Cairo,2829361,151,4,2,Apartment,Unfurnished,New Cairo,"Beautiful apartment in New Cairo. 4 bedrooms, 2 bathrooms, 151 sqm. Unfurnished.",https://example.com/property/77,2026-05-04T18:39:28.475724,sample,18737.490066225164,14.855561802507507,Cairo
Studio in Giza,421078,57,0,1,Studio,Semi-furnished,Giza,"Beautiful studio in Giza. 0 bedrooms, 1 bathrooms, 57 sqm. Semi-furnished.",https://example.com/property/78,2026-05-04T18:39:28.475727,sample,7387.333333333333,12.950575743516806,Giza
Townhouse in New Cairo,3879447,251,5,4,Townhouse,Unfurnished,New Cairo,"Beautiful townhouse in New Cairo. 5 bedrooms, 4 bathrooms, 251 sqm. Unfurnished.",https://example.com/property/79,2026-05-04T18:39:28.475730,sample,15455.964143426294,15.171203433437162,Cairo
Duplex in New Cairo,3005952,173,2,3,Duplex,Furnished,New Cairo,"Beautiful duplex in New Cairo. 2 bedrooms, 3 bathrooms, 173 sqm. Furnished.",https://example.com/property/80,2026-05-04T18:39:28.475733,sample,17375.445086705204,14.916105213776948,Cairo
Townhouse in Cairo,3570552,273,4,3,Townhouse,Unfurnished,Cairo,"Beautiful townhouse in Cairo. 4 bedrooms, 3 bathrooms, 273 sqm. Unfurnished.",https://example.com/property/81,2026-05-04T18:39:28.475736,sample,13078.945054945056,15.088231043720537,Cairo
Apartment in New Cairo,1925535,103,1,2,Apartment,Furnished,New Cairo,"Beautiful apartment in New Cairo. 1 bedrooms, 2 bathrooms, 103 sqm. Furnished.",https://example.com/property/82,2026-05-04T18:39:28.475740,sample,18694.514563106797,14.470714928504806,Cairo
Townhouse in Alexandria,3443551,256,3,2,Townhouse,Unfurnished,Alexandria,"Beautiful townhouse in Alexandria. 3 bedrooms, 2 bathrooms, 256 sqm. Unfurnished.",https://example.com/property/83,2026-05-04T18:39:28.475743,sample,13451.37109375,15.052014054767639,Alexandria
Townhouse in Alexandria,3486833,205,5,5,Townhouse,Unfurnished,Alexandria,"Beautiful townhouse in Alexandria. 5 bedrooms, 5 bathrooms, 205 sqm. Unfurnished.",https://example.com/property/84,2026-05-04T18:39:28.475746,sample,17008.941463414634,15.064504719133161,Alexandria
Studio in Sheikh Zayed,387572,35,0,1,Studio,Unfurnished,Sheikh Zayed,"Beautiful studio in Sheikh Zayed. 0 bedrooms, 1 bathrooms, 35 sqm. Unfurnished.",https://example.com/property/85,2026-05-04T18:39:28.475749,sample,11073.485714285714,12.867659497129692,Sheikh Zayed
Townhouse in Sheikh Zayed,3507020,190,5,6,Townhouse,Furnished,Sheikh Zayed,"Beautiful townhouse in Sheikh Zayed. 5 bedrooms, 6 bathrooms, 190 sqm. Furnished.",https://example.com/property/86,2026-05-04T18:39:28.475752,sample,18458.0,15.07027751712834,Sheikh Zayed
Duplex in Alexandria,4627338,245,4,2,Duplex,Furnished,Alexandria,"Beautiful duplex in Alexandria. 4 bedrooms, 2 bathrooms, 245 sqm. Furnished.",https://example.com/property/87,2026-05-04T18:39:28.475756,sample,18887.093877551022,15.347492530820212,Alexandria
Studio in Giza,552761,56,0,1,Studio,Semi-furnished,Giza,"Beautiful studio in Giza. 0 bedrooms, 1 bathrooms, 56 sqm. Semi-furnished.",https://example.com/property/88,2026-05-04T18:39:28.475758,sample,9870.732142857143,13.222682808117693,Giza
Studio in Alexandria,360251,34,0,1,Studio,Semi-furnished,Alexandria,"Beautiful studio in Alexandria. 0 bedrooms, 1 bathrooms, 34 sqm. Semi-furnished.",https://example.com/property/89,2026-05-04T18:39:28.475761,sample,10595.617647058823,12.794559065546567,Alexandria
Townhouse in New Cairo,3813539,298,5,3,Townhouse,Unfurnished,New Cairo,"Beautiful townhouse in New Cairo. 5 bedrooms, 3 bathrooms, 298 sqm. Unfurnished.",https://example.com/property/90,2026-05-04T18:39:28.475764,sample,12797.110738255034,15.154068449583473,Cairo
Townhouse in Giza,2844443,289,3,4,Townhouse,Unfurnished,Giza,"Beautiful townhouse in Giza. 3 bedrooms, 4 bathrooms, 289 sqm. Unfurnished.",https://example.com/property/91,2026-05-04T18:39:28.475767,sample,9842.363321799308,14.86087817586356,Giza
Townhouse in Alexandria,4008759,157,5,6,Townhouse,Semi-furnished,Alexandria,"Beautiful townhouse in Alexandria. 5 bedrooms, 6 bathrooms, 157 sqm. Semi-furnished.",https://example.com/property/92,2026-05-04T18:39:28.475771,sample,25533.496815286624,15.203992524529577,Alexandria
Duplex in New Cairo,3393671,177,3,1,Duplex,Unfurnished,New Cairo,"Beautiful duplex in New Cairo. 3 bedrooms, 1 bathrooms, 177 sqm. Unfurnished.",https://example.com/property/93,2026-05-04T18:39:28.475775,sample,19173.282485875705,15.037423078974845,Cairo
Apartment in Giza,1992370,184,2,2,Apartment,Furnished,Giza,"Beautiful apartment in Giza. 2 bedrooms, 2 bathrooms, 184 sqm. Furnished.",https://example.com/property/94,2026-05-04T18:39:28.475778,sample,10828.097826086956,14.504835944765157,Giza
Duplex in Alexandria,2941251,176,4,4,Duplex,Semi-furnished,Alexandria,"Beautiful duplex in Alexandria. 4 bedrooms, 4 bathrooms, 176 sqm. Semi-furnished.",https://example.com/property/95,2026-05-04T18:39:28.475782,sample,16711.653409090908,14.894345899006478,Alexandria
Villa in Giza,4321081,167,4,2,Villa,Semi-furnished,Giza,"Beautiful villa in Giza. 4 bedrooms, 2 bathrooms, 167 sqm. Semi-furnished.",https://example.com/property/96,2026-05-04T18:39:28.475785,sample,25874.736526946108,15.279016391822644,Giza
Apartment in New Cairo,1253207,61,1,2,Apartment,Semi-furnished,New Cairo,"Beautiful apartment in New Cairo. 1 bedrooms, 2 bathrooms, 61 sqm. Semi-furnished.",https://example.com/property/97,2026-05-04T18:39:28.475788,sample,20544.377049180326,14.041217221697634,Cairo
Villa in Alexandria,5497715,197,5,6,Villa,Unfurnished,Alexandria,"Beautiful villa in Alexandria. 5 bedrooms, 6 bathrooms, 197 sqm. Unfurnished.",https://example.com/property/98,2026-05-04T18:39:28.475792,sample,27907.18274111675,15.519843291225829,Alexandria
Townhouse in Cairo,3264670,198,4,4,Townhouse,Unfurnished,Cairo,"Beautiful townhouse in Cairo. 4 bedrooms, 4 bathrooms, 198 sqm. Unfurnished.",https://example.com/property/99,2026-05-04T18:39:28.475795,sample,16488.23232323232,14.99866954991868,Cairo
Villa in Alexandria,6287336,330,6,5,Villa,Unfurnished,Alexandria,"Beautiful villa in Alexandria. 6 bedrooms, 5 bathrooms, 330 sqm. Unfurnished.",https://example.com/property/100,2026-05-04T18:39:28.475798,sample,19052.533333333333,15.654048168600808,Alexandria
Townhouse in New Cairo,3129420,168,4,5,Townhouse,Unfurnished,New Cairo,"Beautiful townhouse in New Cairo. 4 bedrooms, 5 bathrooms, 168 sqm. Unfurnished.",https://example.com/property/101,2026-05-04T18:39:28.475801,sample,18627.5,14.956358561379123,Cairo
Townhouse in Cairo,3453873,200,5,5,Townhouse,Semi-furnished,Cairo,"Beautiful townhouse in Cairo. 5 bedrooms, 5 bathrooms, 200 sqm. Semi-furnished.",https://example.com/property/102,2026-05-04T18:39:28.475805,sample,17269.365,15.055007057579248,Cairo
Villa in Alexandria,4434395,214,5,4,Villa,Unfurnished,Alexandria,"Beautiful villa in Alexandria. 5 bedrooms, 4 bathrooms, 214 sqm. Unfurnished.",https://example.com/property/103,2026-05-04T18:39:28.475808,sample,20721.471962616823,15.304901975048718,Alexandria
Duplex in Cairo,2530162,130,4,5,Duplex,Semi-furnished,Cairo,"Beautiful duplex in Cairo. 4 bedrooms, 5 bathrooms, 130 sqm. Semi-furnished.",https://example.com/property/104,2026-05-04T18:39:28.475811,sample,19462.784615384615,14.743794285505851,Cairo
Studio in Sheikh Zayed,762427,48,0,1,Studio,Furnished,Sheikh Zayed,"Beautiful studio in Sheikh Zayed. 0 bedrooms, 1 bathrooms, 48 sqm. Furnished.",https://example.com/property/105,2026-05-04T18:39:28.475814,sample,15883.895833333334,13.544263356775758,Sheikh Zayed
Duplex in 6th October,3423079,189,3,2,Duplex,Unfurnished,6th October,"Beautiful duplex in 6th October. 3 bedrooms, 2 bathrooms, 189 sqm. Unfurnished.",https://example.com/property/106,2026-05-04T18:39:28.475818,sample,18111.5291005291,15.046051288550933,6th October
Studio in Cairo,468088,45,0,1,Studio,Unfurnished,Cairo,"Beautiful studio in Cairo. 0 bedrooms, 1 bathrooms, 45 sqm. Unfurnished.",https://example.com/property/107,2026-05-04T18:39:28.475820,sample,10401.955555555556,13.056413727759754,Cairo
Villa in Cairo,4972015,208,6,7,Villa,Unfurnished,Cairo,"Beautiful villa in Cairo. 6 bedrooms, 7 bathrooms, 208 sqm. Unfurnished.",https://example.com/property/108,2026-05-04T18:39:28.475824,sample,23903.91826923077,15.419335949628477,Cairo
Studio in New Cairo,759101,58,0,1,Studio,Semi-furnished,New Cairo,"Beautiful studio in New Cairo. 0 bedrooms, 1 bathrooms, 58 sqm. Semi-furnished.",https://example.com/property/109,2026-05-04T18:39:28.475829,sample,13087.948275862069,13.539891434700374,Cairo
Studio in 6th October,457277,38,0,1,Studio,Semi-furnished,6th October,"Beautiful studio in 6th October. 0 bedrooms, 1 bathrooms, 38 sqm. Semi-furnished.",https://example.com/property/110,2026-05-04T18:39:28.475832,sample,12033.605263157895,13.033046800026181,6th October
Villa in Sheikh Zayed,5280761,173,5,5,Villa,Furnished,Sheikh Zayed,"Beautiful villa in Sheikh Zayed. 5 bedrooms, 5 bathrooms, 173 sqm. Furnished.",https://example.com/property/111,2026-05-04T18:39:28.475836,sample,30524.630057803468,15.479580963451395,Sheikh Zayed
Villa in Alexandria,7741130,375,5,6,Villa,Semi-furnished,Alexandria,"Beautiful villa in Alexandria. 5 bedrooms, 6 bathrooms, 375 sqm. Semi-furnished.",https://example.com/property/112,2026-05-04T18:39:28.475840,sample,20643.013333333332,15.862058358921841,Alexandria
Apartment in New Cairo,2732901,159,3,2,Apartment,Unfurnished,New Cairo,"Beautiful apartment in New Cairo. 3 bedrooms, 2 bathrooms, 159 sqm. Unfurnished.",https://example.com/property/113,2026-05-04T18:39:28.475844,sample,17188.056603773584,14.820874606235824,Cairo
Duplex in Giza,2524938,175,3,3,Duplex,Unfurnished,Giza,"Beautiful duplex in Giza. 3 bedrooms, 3 bathrooms, 175 sqm. Unfurnished.",https://example.com/property/114,2026-05-04T18:39:28.475847,sample,14428.217142857144,14.741727461983936,Giza
Studio in Alexandria,486810,57,0,1,Studio,Unfurnished,Alexandria,"Beautiful studio in Alexandria. 0 bedrooms, 1 bathrooms, 57 sqm. Unfurnished.",https://example.com/property/115,2026-05-04T18:39:28.475851,sample,8540.526315789473,13.095631236389101,Alexandria
Townhouse in Sheikh Zayed,2405450,148,2,3,Townhouse,Semi-furnished,Sheikh Zayed,"Beautiful townhouse in Sheikh Zayed. 2 bedrooms, 3 bathrooms, 148 sqm. Semi-furnished.",https://example.com/property/116,2026-05-04T18:39:28.475854,sample,16253.04054054054,14.693247969928725,Sheikh Zayed
Apartment in Sheikh Zayed,2070273,151,2,2,Apartment,Semi-furnished,Sheikh Zayed,"Beautiful apartment in Sheikh Zayed. 2 bedrooms, 2 bathrooms, 151 sqm. Semi-furnished.",https://example.com/property/117,2026-05-04T18:39:28.475857,sample,13710.417218543047,14.543191523631553,Sheikh Zayed
Studio in 6th October,345603,43,0,1,Studio,Semi-furnished,6th October,"Beautiful studio in 6th October. 0 bedrooms, 1 bathrooms, 43 sqm. Semi-furnished.",https://example.com/property/118,2026-05-04T18:39:28.475860,sample,8037.279069767442,12.753048889919132,6th October
Apartment in Giza,2646144,181,3,3,Apartment,Furnished,Giza,"Beautiful apartment in Giza. 3 bedrooms, 3 bathrooms, 181 sqm. Furnished.",https://example.com/property/119,2026-05-04T18:39:28.475863,sample,14619.580110497238,14.788614421853246,Giza
Duplex in Sheikh Zayed,2827340,167,3,2,Duplex,Furnished,Sheikh Zayed,"Beautiful duplex in Sheikh Zayed. 3 bedrooms, 2 bathrooms, 167 sqm. Furnished.",https://example.com/property/120,2026-05-04T18:39:28.475866,sample,16930.17964071856,14.854847251969504,Sheikh Zayed
Studio in Giza,544089,60,0,1,Studio,Unfurnished,Giza,"Beautiful studio in Giza. 0 bedrooms, 1 bathrooms, 60 sqm. Unfurnished.",https://example.com/property/121,2026-05-04T18:39:28.475869,sample,9068.15,13.206869953330669,Giza
Studio in Sheikh Zayed,651101,59,0,1,Studio,Semi-furnished,Sheikh Zayed,"Beautiful studio in Sheikh Zayed. 0 bedrooms, 1 bathrooms, 59 sqm. Semi-furnished.",https://example.com/property/122,2026-05-04T18:39:28.475872,sample,11035.610169491525,13.386421590945009,Sheikh Zayed
Duplex in Alexandria,2976319,140,2,2,Duplex,Semi-furnished,Alexandria,"Beautiful duplex in Alexandria. 2 bedrooms, 2 bathrooms, 140 sqm. Semi-furnished.",https://example.com/property/123,2026-05-04T18:39:28.475875,sample,21259.42142857143,14.90619819603624,Alexandria
Duplex in New Cairo,3945679,173,4,2,Duplex,Furnished,New Cairo,"Beautiful duplex in New Cairo. 4 bedrooms, 2 bathrooms, 173 sqm. Furnished.",https://example.com/property/124,2026-05-04T18:39:28.475878,sample,22807.393063583815,15.188131867496814,Cairo
Apartment in 6th October,1588078,167,1,1,Apartment,Semi-furnished,6th October,"Beautiful apartment in 6th October. 1 bedrooms, 1 bathrooms, 167 sqm. Semi-furnished.",https://example.com/property/125,2026-05-04T18:39:28.475883,sample,9509.449101796406,14.278035667662653,6th October
Duplex in Giza,3059286,226,3,1,Duplex,Unfurnished,Giza,"Beautiful duplex in Giza. 3 bedrooms, 1 bathrooms, 226 sqm. Unfurnished.",https://example.com/property/126,2026-05-04T18:39:28.475886,sample,13536.663716814159,14.933692440242375,Giza
Villa in 6th October,3666432,259,3,3,Villa,Unfurnished,6th October,"Beautiful villa in 6th October. 3 bedrooms, 3 bathrooms, 259 sqm. Unfurnished.",https://example.com/property/127,2026-05-04T18:39:28.475890,sample,14156.108108108108,15.114729812791138,6th October
Villa in New Cairo,7678280,311,4,3,Villa,Semi-furnished,New Cairo,"Beautiful villa in New Cairo. 4 bedrooms, 3 bathrooms, 311 sqm. Semi-furnished.",https://example.com/property/128,2026-05-04T18:39:28.475893,sample,24689.003215434084,15.853906251945602,Cairo
Apartment in Alexandria,1357262,98,3,1,Apartment,Furnished,Alexandria,"Beautiful apartment in Alexandria. 3 bedrooms, 1 bathrooms, 98 sqm. Furnished.",https://example.com/property/129,2026-05-04T18:39:28.475898,sample,13849.612244897959,14.120980729913022,Alexandria
Villa in Sheikh Zayed,9395946,335,5,4,Villa,Semi-furnished,Sheikh Zayed,"Beautiful villa in Sheikh Zayed. 5 bedrooms, 4 bathrooms, 335 sqm. Semi-furnished.",https://example.com/property/130,2026-05-04T18:39:28.475901,sample,28047.6,16.055788984046863,Sheikh Zayed
Villa in 6th October,6059037,304,6,4,Villa,Unfurnished,6th October,"Beautiful villa in 6th October. 6 bedrooms, 4 bathrooms, 304 sqm. Unfurnished.",https://example.com/property/131,2026-05-04T18:39:28.475904,sample,19931.042763157893,15.61706159956945,6th October
Apartment in Cairo,1855147,62,3,3,Apartment,Furnished,Cairo,"Beautiful apartment in Cairo. 3 bedrooms, 3 bathrooms, 62 sqm. Furnished.",https://example.com/property/132,2026-05-04T18:39:28.475908,sample,29921.725806451614,14.433475035207646,Cairo
Townhouse in 6th October,2083731,137,3,2,Townhouse,Unfurnished,6th October,"Beautiful townhouse in 6th October. 3 bedrooms, 2 bathrooms, 137 sqm. Unfurnished.",https://example.com/property/133,2026-05-04T18:39:28.475911,sample,15209.715328467153,14.549671074737486,6th October
Studio in Alexandria,548334,52,0,1,Studio,Semi-furnished,Alexandria,"Beautiful studio in Alexandria. 0 bedrooms, 1 bathrooms, 52 sqm. Semi-furnished.",https://example.com/property/134,2026-05-04T18:39:28.475914,sample,10544.884615384615,13.214641693022559,Alexandria
Apartment in Cairo,1848934,193,1,1,Apartment,Unfurnished,Cairo,"Beautiful apartment in Cairo. 1 bedrooms, 1 bathrooms, 193 sqm. Unfurnished.",https://example.com/property/135,2026-05-04T18:39:28.475918,sample,9579.968911917098,14.430120355613969,Cairo
Studio in New Cairo,491286,49,0,1,Studio,Furnished,New Cairo,"Beautiful studio in New Cairo. 0 bedrooms, 1 bathrooms, 49 sqm. Furnished.",https://example.com/property/136,2026-05-04T18:39:28.475920,sample,10026.244897959185,13.104783757395502,Cairo
Apartment in New Cairo,2944534,114,4,5,Apartment,Furnished,New Cairo,"Beautiful apartment in New Cairo. 4 bedrooms, 5 bathrooms, 114 sqm. Furnished.",https://example.com/property/137,2026-05-04T18:39:28.475923,sample,25829.245614035088,14.895461467864296,Cairo
Duplex in 6th October,2904839,151,4,5,Duplex,Unfurnished,6th October,"Beautiful duplex in 6th October. 4 bedrooms, 5 bathrooms, 151 sqm. Unfurnished.",https://example.com/property/138,2026-05-04T18:39:28.475926,sample,19237.344370860927,14.881888869298662,6th October
Duplex in New Cairo,2159792,118,3,2,Duplex,Unfurnished,New Cairo,"Beautiful duplex in New Cairo. 3 bedrooms, 2 bathrooms, 118 sqm. Unfurnished.",https://example.com/property/139,2026-05-04T18:39:28.475930,sample,18303.322033898305,14.585522941734707,Cairo
Studio in Cairo,409811,45,0,1,Studio,Furnished,Cairo,"Beautiful studio in Cairo. 0 bedrooms, 1 bathrooms, 45 sqm. Furnished.",https://example.com/property/140,2026-05-04T18:39:28.475932,sample,9106.91111111111,12.923453796935076,Cairo
Villa in New Cairo,7440718,284,5,4,Villa,Semi-furnished,New Cairo,"Beautiful villa in New Cairo. 5 bedrooms, 4 bathrooms, 284 sqm. Semi-furnished.",https://example.com/property/141,2026-05-04T18:39:28.475935,sample,26199.711267605635,15.822478041924898,Cairo
Apartment in Giza,2063080,160,1,2,Apartment,Furnished,Giza,"Beautiful apartment in Giza. 1 bedrooms, 2 bathrooms, 160 sqm. Furnished.",https://example.com/property/142,2026-05-04T18:39:28.475939,sample,12894.25,14.539711054491528,Giza
Villa in Alexandria,5132827,151,6,6,Villa,Furnished,Alexandria,"Beautiful villa in Alexandria. 6 bedrooms, 6 bathrooms, 151 sqm. Furnished.",https://example.com/property/143,2026-05-04T18:39:28.475942,sample,33992.23178807947,15.451167332311618,Alexandria
Duplex in Giza,4126821,196,4,4,Duplex,Semi-furnished,Giza,"Beautiful duplex in Giza. 4 bedrooms, 4 bathrooms, 196 sqm. Semi-furnished.",https://example.com/property/144,2026-05-04T18:39:28.475945,sample,21055.20918367347,15.233018177201224,Giza
Duplex in Alexandria,2326615,122,3,4,Duplex,Semi-furnished,Alexandria,"Beautiful duplex in Alexandria. 3 bedrooms, 4 bathrooms, 122 sqm. Semi-furnished.",https://example.com/property/145,2026-05-04T18:39:28.475949,sample,19070.614754098362,14.659925409329036,Alexandria
Apartment in Giza,1708389,104,1,2,Apartment,Semi-furnished,Giza,"Beautiful apartment in Giza. 1 bedrooms, 2 bathrooms, 104 sqm. Semi-furnished.",https://example.com/property/146,2026-05-04T18:39:28.475952,sample,16426.81730769231,14.351061964502208,Giza
Studio in New Cairo,455923,43,0,1,Studio,Furnished,New Cairo,"Beautiful studio in New Cairo. 0 bedrooms, 1 bathrooms, 43 sqm. Furnished.",https://example.com/property/147,2026-05-04T18:39:28.475955,sample,10602.860465116279,13.030081407939424,Cairo
Studio in Sheikh Zayed,795459,59,0,1,Studio,Furnished,Sheikh Zayed,"Beautiful studio in Sheikh Zayed. 0 bedrooms, 1 bathrooms, 59 sqm. Furnished.",https://example.com/property/148,2026-05-04T18:39:28.475957,sample,13482.35593220339,13.586675842654774,Sheikh Zayed
Villa in New Cairo,7367011,326,4,3,Villa,Semi-furnished,New Cairo,"Beautiful villa in New Cairo. 4 bedrooms, 3 bathrooms, 326 sqm. Semi-furnished.",https://example.com/property/149,2026-05-04T18:39:28.475961,sample,22598.193251533743,15.812522754549194,Cairo
Studio in 6th October,467152,49,0,1,Studio,Semi-furnished,6th October,"Beautiful studio in 6th October. 0 bedrooms, 1 bathrooms, 49 sqm. Semi-furnished.",https://example.com/property/150,2026-05-04T18:39:28.475963,sample,9533.714285714286,13.054412106120635,6th October
Townhouse in 6th October,2161305,174,5,3,Townhouse,Semi-furnished,6th October,"Beautiful townhouse in 6th October. 5 bedrooms, 3 bathrooms, 174 sqm. Semi-furnished.",https://example.com/property/151,2026-05-04T18:39:28.475967,sample,12421.293103448275,14.586223226575129,6th October
Villa in Cairo,6618091,375,6,6,Villa,Unfurnished,Cairo,"Beautiful villa in Cairo. 6 bedrooms, 6 bathrooms, 375 sqm. Unfurnished.",https://example.com/property/152,2026-05-04T18:39:28.475970,sample,17648.242666666665,15.70531766884788,Cairo
Duplex in 6th October,2588816,132,3,4,Duplex,Semi-furnished,6th October,"Beautiful duplex in 6th October. 3 bedrooms, 4 bathrooms, 132 sqm. Semi-furnished.",https://example.com/property/153,2026-05-04T18:39:28.475974,sample,19612.242424242424,14.766711572573822,6th October
Villa in New Cairo,7405003,301,6,7,Villa,Unfurnished,New Cairo,"Beautiful villa in New Cairo. 6 bedrooms, 7 bathrooms, 301 sqm. Unfurnished.",https://example.com/property/154,2026-05-04T18:39:28.475977,sample,24601.338870431893,15.817666545859447,Cairo
Townhouse in 6th October,2770834,263,3,1,Townhouse,Unfurnished,6th October,"Beautiful townhouse in 6th October. 3 bedrooms, 1 bathrooms, 263 sqm. Unfurnished.",https://example.com/property/155,2026-05-04T18:39:28.475981,sample,10535.490494296579,14.834659276781716,6th October
Villa in New Cairo,6209765,187,6,7,Villa,Furnished,New Cairo,"Beautiful villa in New Cairo. 6 bedrooms, 7 bathrooms, 187 sqm. Furnished.",https://example.com/property/156,2026-05-04T18:39:28.475985,sample,33207.29946524064,15.641633772040288,Cairo
Apartment in New Cairo,1740759,107,4,2,Apartment,Semi-furnished,New Cairo,"Beautiful apartment in New Cairo. 4 bedrooms, 2 bathrooms, 107 sqm. Semi-furnished.",https://example.com/property/157,2026-05-04T18:39:28.475988,sample,16268.775700934579,14.369832357438588,Cairo
Townhouse in Cairo,1881871,134,4,3,Townhouse,Semi-furnished,Cairo,"Beautiful townhouse in Cairo. 4 bedrooms, 3 bathrooms, 134 sqm. Semi-furnished.",https://example.com/property/158,2026-05-04T18:39:28.475992,sample,14043.813432835821,14.447777584062099,Cairo
Apartment in Alexandria,2777226,179,4,4,Apartment,Furnished,Alexandria,"Beautiful apartment in Alexandria. 4 bedrooms, 4 bathrooms, 179 sqm. Furnished.",https://example.com/property/159,2026-05-04T18:39:28.475995,sample,15515.22905027933,14.836963505836177,Alexandria
Townhouse in New Cairo,3129336,226,4,2,Townhouse,Semi-furnished,New Cairo,"Beautiful townhouse in New Cairo. 4 bedrooms, 2 bathrooms, 226 sqm. Semi-furnished.",https://example.com/property/160,2026-05-04T18:39:28.475998,sample,13846.61946902655,14.95633171899282,Cairo
Townhouse in 6th October,1882550,158,5,5,Townhouse,Semi-furnished,6th October,"Beautiful townhouse in 6th October. 5 bedrooms, 5 bathrooms, 158 sqm. Semi-furnished.",https://example.com/property/161,2026-05-04T18:39:28.476001,sample,11914.87341772152,14.44813832992268,6th October
Villa in Cairo,6128211,229,6,7,Villa,Semi-furnished,Cairo,"Beautiful villa in Cairo. 6 bedrooms, 7 bathrooms, 229 sqm. Semi-furnished.",https://example.com/property/162,2026-05-04T18:39:28.476005,sample,26760.74672489083,15.628413585104422,Cairo
Villa in Sheikh Zayed,12934434,370,6,4,Villa,Furnished,Sheikh Zayed,"Beautiful villa in Sheikh Zayed. 6 bedrooms, 4 bathrooms, 370 sqm. Furnished.",https://example.com/property/163,2026-05-04T18:39:28.476008,sample,34957.92972972973,16.37540369271012,Sheikh Zayed
Duplex in Cairo,3215873,194,3,3,Duplex,Unfurnished,Cairo,"Beautiful duplex in Cairo. 3 bedrooms, 3 bathrooms, 194 sqm. Unfurnished.",https://example.com/property/164,2026-05-04T18:39:28.476012,sample,16576.664948453606,14.983609729408995,Cairo
Townhouse in New Cairo,3037713,152,3,4,Townhouse,Unfurnished,New Cairo,"Beautiful townhouse in New Cairo. 3 bedrooms, 4 bathrooms, 152 sqm. Unfurnished.",https://example.com/property/165,2026-05-04T18:39:28.476016,sample,19984.95394736842,14.926615816824166,Cairo
Studio in New Cairo,584081,42,0,1,Studio,Furnished,New Cairo,"Beautiful studio in New Cairo. 0 bedrooms, 1 bathrooms, 42 sqm. Furnished.",https://example.com/property/166,2026-05-04T18:39:28.476018,sample,13906.690476190477,13.277796662912571,Cairo
Villa in 6th October,8438747,341,6,7,Villa,Unfurnished,6th October,"Beautiful villa in 6th October. 6 bedrooms, 7 bathrooms, 341 sqm. Unfurnished.",https://example.com/property/167,2026-05-04T18:39:28.476022,sample,24747.058651026393,15.948344514336263,6th October
Duplex in New Cairo,3883233,152,3,2,Duplex,Unfurnished,New Cairo,"Beautiful duplex in New Cairo. 3 bedrooms, 2 bathrooms, 152 sqm. Unfurnished.",https://example.com/property/168,2026-05-04T18:39:28.476025,sample,25547.58552631579,15.172178869581574,Cairo
Apartment in New Cairo,1517013,130,1,1,Apartment,Unfurnished,New Cairo,"Beautiful apartment in New Cairo. 1 bedrooms, 1 bathrooms, 130 sqm. Unfurnished.",https://example.com/property/169,2026-05-04T18:39:28.476027,sample,11669.33076923077,14.23225448702902,Cairo
Studio in Sheikh Zayed,538232,48,0,1,Studio,Furnished,Sheikh Zayed,"Beautiful studio in Sheikh Zayed. 0 bedrooms, 1 bathrooms, 48 sqm. Furnished.",https://example.com/property/170,2026-05-04T18:39:28.476030,sample,11213.166666666666,13.196046830891323,Sheikh Zayed
Duplex in Sheikh Zayed,5900464,227,4,4,Duplex,Furnished,Sheikh Zayed,"Beautiful duplex in Sheikh Zayed. 4 bedrooms, 4 bathrooms, 227 sqm. Furnished.",https://example.com/property/171,2026-05-04T18:39:28.476033,sample,25993.23348017621,15.590541719329645,Sheikh Zayed
Apartment in Cairo,2296161,190,1,2,Apartment,Furnished,Cairo,"Beautiful apartment in Cairo. 1 bedrooms, 2 bathrooms, 190 sqm. Furnished.",https://example.com/property/172,2026-05-04T18:39:28.476036,sample,12085.057894736841,14.64674959142382,Cairo
Duplex in Alexandria,2526016,137,2,1,Duplex,Unfurnished,Alexandria,"Beautiful duplex in Alexandria. 2 bedrooms, 1 bathrooms, 137 sqm. Unfurnished.",https://example.com/property/173,2026-05-04T18:39:28.476040,sample,18438.07299270073,14.742154311877846,Alexandria
Duplex in Alexandria,3573568,179,4,3,Duplex,Semi-furnished,Alexandria,"Beautiful duplex in Alexandria. 4 bedrooms, 3 bathrooms, 179 sqm. Semi-furnished.",https://example.com/property/174,2026-05-04T18:39:28.476043,sample,19964.067039106147,15.089075374256653,Alexandria
Duplex in Sheikh Zayed,2972427,105,3,3,Duplex,Furnished,Sheikh Zayed,"Beautiful duplex in Sheikh Zayed. 3 bedrooms, 3 bathrooms, 105 sqm. Furnished.",https://example.com/property/175,2026-05-04T18:39:28.476047,sample,28308.82857142857,14.904889685218391,Sheikh Zayed
Studio in Alexandria,553448,57,0,1,Studio,Semi-furnished,Alexandria,"Beautiful studio in Alexandria. 0 bedrooms, 1 bathrooms, 57 sqm. Semi-furnished.",https://example.com/property/176,2026-05-04T18:39:28.476049,sample,9709.61403508772,13.223924885964184,Alexandria
Studio in Giza,602106,55,0,1,Studio,Semi-furnished,Giza,"Beautiful studio in Giza. 0 bedrooms, 1 bathrooms, 55 sqm. Semi-furnished.",https://example.com/property/177,2026-05-04T18:39:28.476052,sample,10947.381818181819,13.30819044936071,Giza
Apartment in New Cairo,3053926,111,4,5,Apartment,Furnished,New Cairo,"Beautiful apartment in New Cairo. 4 bedrooms, 5 bathrooms, 111 sqm. Furnished.",https://example.com/property/178,2026-05-04T18:39:28.476055,sample,27512.846846846845,14.931938861397102,Cairo
Townhouse in Cairo,2743111,230,3,3,Townhouse,Semi-furnished,Cairo,"Beautiful townhouse in Cairo. 3 bedrooms, 3 bathrooms, 230 sqm. Semi-furnished.",https://example.com/property/179,2026-05-04T18:39:28.476058,sample,11926.56956521739,14.824603600292876,Cairo
Townhouse in Sheikh Zayed,2870873,193,4,3,Townhouse,Semi-furnished,Sheikh Zayed,"Beautiful townhouse in Sheikh Zayed. 4 bedrooms, 3 bathrooms, 193 sqm. Semi-furnished.",https://example.com/property/180,2026-05-04T18:39:28.476061,sample,14874.9896373057,14.870127070992796,Sheikh Zayed
Apartment in New Cairo,2308058,125,3,2,Apartment,Unfurnished,New Cairo,"Beautiful apartment in New Cairo. 3 bedrooms, 2 bathrooms, 125 sqm. Unfurnished.",https://example.com/property/181,2026-05-04T18:39:28.476064,sample,18464.464,14.651917469541624,Cairo
Townhouse in New Cairo,3382791,147,5,4,Townhouse,Semi-furnished,New Cairo,"Beautiful townhouse in New Cairo. 5 bedrooms, 4 bathrooms, 147 sqm. Semi-furnished.",https://example.com/property/182,2026-05-04T18:39:28.476067,sample,23012.183673469386,15.034211961982596,Cairo
Duplex in Giza,2085910,111,2,3,Duplex,Unfurnished,Giza,"Beautiful duplex in Giza. 2 bedrooms, 3 bathrooms, 111 sqm. Unfurnished.",https://example.com/property/183,2026-05-04T18:39:28.476070,sample,18791.981981981982,14.550716248244358,Giza
Villa in Giza,5730245,157,6,5,Villa,Semi-furnished,Giza,"Beautiful villa in Giza. 6 bedrooms, 5 bathrooms, 157 sqm. Semi-furnished.",https://example.com/property/184,2026-05-04T18:39:28.476074,sample,36498.37579617834,15.561269019706545,Giza
Studio in Alexandria,507139,49,0,1,Studio,Unfurnished,Alexandria,"Beautiful studio in Alexandria. 0 bedrooms, 1 bathrooms, 49 sqm. Unfurnished.",https://example.com/property/185,2026-05-04T18:39:28.476077,sample,10349.775510204081,13.136542378577598,Alexandria
Villa in Giza,5479005,221,6,6,Villa,Semi-furnished,Giza,"Beautiful villa in Giza. 6 bedrooms, 6 bathrooms, 221 sqm. Semi-furnished.",https://example.com/property/186,2026-05-04T18:39:28.476080,sample,24791.877828054297,15.516434255610298,Giza
Apartment in Sheikh Zayed,2080256,156,3,3,Apartment,Unfurnished,Sheikh Zayed,"Beautiful apartment in Sheikh Zayed. 3 bedrooms, 3 bathrooms, 156 sqm. Unfurnished.",https://example.com/property/187,2026-05-04T18:39:28.476084,sample,13334.97435897436,14.548002001737185,Sheikh Zayed
Villa in Giza,6018953,352,5,6,Villa,Unfurnished,Giza,"Beautiful villa in Giza. 5 bedrooms, 6 bathrooms, 352 sqm. Unfurnished.",https://example.com/property/188,2026-05-04T18:39:28.476087,sample,17099.298295454544,15.610424048035178,Giza
Duplex in 6th October,3406298,223,2,3,Duplex,Furnished,6th October,"Beautiful duplex in 6th October. 2 bedrooms, 3 bathrooms, 223 sqm. Furnished.",https://example.com/property/189,2026-05-04T18:39:28.476090,sample,15274.878923766817,15.041136922611324,6th October
Studio in New Cairo,433257,39,0,1,Studio,Furnished,New Cairo,"Beautiful studio in New Cairo. 0 bedrooms, 1 bathrooms, 39 sqm. Furnished.",https://example.com/property/190,2026-05-04T18:39:28.476093,sample,11109.153846153846,12.979088672496815,Cairo
Villa in Giza,5551891,203,6,6,Villa,Furnished,Giza,"Beautiful villa in Giza. 6 bedrooms, 6 bathrooms, 203 sqm. Furnished.",https://example.com/property/191,2026-05-04T18:39:28.476097,sample,27349.216748768475,15.529649328530008,Giza
Apartment in Alexandria,1297366,101,1,1,Apartment,Semi-furnished,Alexandria,"Beautiful apartment in Alexandria. 1 bedrooms, 1 bathrooms, 101 sqm. Semi-furnished.",https://example.com/property/192,2026-05-04T18:39:28.476100,sample,12845.20792079208,14.075847383951247,Alexandria
Villa in Alexandria,4566301,227,3,3,Villa,Furnished,Alexandria,"Beautiful villa in Alexandria. 3 bedrooms, 3 bathrooms, 227 sqm. Furnished.",https://example.com/property/193,2026-05-04T18:39:28.476103,sample,20115.86343612335,15.334214244927143,Alexandria
Villa in Giza,3932128,191,5,4,Villa,Semi-furnished,Giza,"Beautiful villa in Giza. 5 bedrooms, 4 bathrooms, 191 sqm. Semi-furnished.",https://example.com/property/194,2026-05-04T18:39:28.476106,sample,20587.057591623037,15.184691567442467,Giza
Apartment in Giza,2203191,144,3,3,Apartment,Semi-furnished,Giza,"Beautiful apartment in Giza. 3 bedrooms, 3 bathrooms, 144 sqm. Semi-furnished.",https://example.com/property/195,2026-05-04T18:39:28.476111,sample,15299.9375,14.605417775867872,Giza
Villa in Alexandria,5133177,249,3,1,Villa,Semi-furnished,Alexandria,"Beautiful villa in Alexandria. 3 bedrooms, 1 bathrooms, 249 sqm. Semi-furnished.",https://example.com/property/196,2026-05-04T18:39:28.476114,sample,20615.168674698794,15.451235518517652,Alexandria
Apartment in New Cairo,3143969,111,4,4,Apartment,Semi-furnished,New Cairo,"Beautiful apartment in New Cairo. 4 bedrooms, 4 bathrooms, 111 sqm. Semi-furnished.",https://example.com/property/197,2026-05-04T18:39:28.476117,sample,28324.045045045044,14.960996890500976,Cairo
Studio in Giza,463092,33,0,1,Studio,Furnished,Giza,"Beautiful studio in Giza. 0 bedrooms, 1 bathrooms, 33 sqm. Furnished.",https://example.com/property/198,2026-05-04T18:39:28.476120,sample,14033.09090909091,13.045683176828799,Giza
Duplex in Sheikh Zayed,5185566,214,4,4,Duplex,Furnished,Sheikh Zayed,"Beautiful duplex in Sheikh Zayed. 4 bedrooms, 4 bathrooms, 214 sqm. Furnished.",https://example.com/property/199,2026-05-04T18:39:28.476123,sample,24231.616822429907,15.461389747572559,Sheikh Zayed
Duplex in Cairo,1790684,104,2,3,Duplex,Unfurnished,Cairo,"Beautiful duplex in Cairo. 2 bedrooms, 3 bathrooms, 104 sqm. Unfurnished.",https://example.com/property/200,2026-05-04T18:39:28.476126,sample,17218.115384615383,14.39810878617727,Cairo
Villa in 6th October,5779252,297,5,4,Villa,Furnished,6th October,"Beautiful villa in 6th October. 5 bedrooms, 4 bathrooms, 297 sqm. Furnished.",https://example.com/property/201,2026-05-04T18:39:28.476129,sample,19458.760942760942,15.569784993542187,6th October
Apartment in New Cairo,2387181,139,1,1,Apartment,Furnished,New Cairo,"Beautiful apartment in New Cairo. 1 bedrooms, 1 bathrooms, 139 sqm. Furnished.",https://example.com/property/202,2026-05-04T18:39:28.476132,sample,17173.96402877698,14.685624148748675,Cairo
Townhouse in New Cairo,4727415,296,5,6,Townhouse,Unfurnished,New Cairo,"Beautiful townhouse in New Cairo. 5 bedrooms, 6 bathrooms, 296 sqm. Unfurnished.",https://example.com/property/203,2026-05-04T18:39:28.476136,sample,15970.996621621622,15.36888931098037,Cairo
Apartment in Sheikh Zayed,2889296,160,4,2,Apartment,Semi-furnished,Sheikh Zayed,"Beautiful apartment in Sheikh Zayed. 4 bedrooms, 2 bathrooms, 160 sqm. Semi-furnished.",https://example.com/property/204,2026-05-04T18:39:28.476139,sample,18058.1,14.876523777902747,Sheikh Zayed
Townhouse in New Cairo,4121497,290,2,3,Townhouse,Semi-furnished,New Cairo,"Beautiful townhouse in New Cairo. 2 bedrooms, 3 bathrooms, 290 sqm. Semi-furnished.",https://example.com/property/205,2026-05-04T18:39:28.476143,sample,14212.058620689655,15.231727247475082,Cairo
Apartment in New Cairo,1847875,164,3,1,Apartment,Unfurnished,New Cairo,"Beautiful apartment in New Cairo. 3 bedrooms, 1 bathrooms, 164 sqm. Unfurnished.",https://example.com/property/206,2026-05-04T18:39:28.476151,sample,11267.530487804877,14.42954742936539,Cairo
Apartment in 6th October,960164,71,1,2,Apartment,Unfurnished,6th October,"Beautiful apartment in 6th October. 1 bedrooms, 2 bathrooms, 71 sqm. Unfurnished.",https://example.com/property/207,2026-05-04T18:39:28.476154,sample,13523.43661971831,13.774860423675204,6th October
Apartment in Sheikh Zayed,2305800,113,4,5,Apartment,Unfurnished,Sheikh Zayed,"Beautiful apartment in Sheikh Zayed. 4 bedrooms, 5 bathrooms, 113 sqm. Unfurnished.",https://example.com/property/208,2026-05-04T18:39:28.476157,sample,20405.309734513274,14.650938679469855,Sheikh Zayed
Duplex in 6th October,1935137,107,2,2,Duplex,Semi-furnished,6th October,"Beautiful duplex in 6th October. 2 bedrooms, 2 bathrooms, 107 sqm. Semi-furnished.",https://example.com/property/209,2026-05-04T18:39:28.476160,sample,18085.392523364488,14.47568919973248,6th October
Duplex in Sheikh Zayed,2845471,140,3,2,Duplex,Furnished,Sheikh Zayed,"Beautiful duplex in Sheikh Zayed. 3 bedrooms, 2 bathrooms, 140 sqm. Furnished.",https://example.com/property/210,2026-05-04T18:39:28.476164,sample,20324.792857142857,14.8612395168785,Sheikh Zayed
Villa in 6th October,3974164,154,5,6,Villa,Furnished,6th October,"Beautiful villa in 6th October. 5 bedrooms, 6 bathrooms, 154 sqm. Furnished.",https://example.com/property/211,2026-05-04T18:39:28.476167,sample,25806.25974025974,15.195325221111188,6th October
Villa in Giza,7697547,314,6,5,Villa,Furnished,Giza,"Beautiful villa in Giza. 6 bedrooms, 5 bathrooms, 314 sqm. Furnished.",https://example.com/property/212,2026-05-04T18:39:28.476170,sample,24514.480891719744,15.85641239455219,Giza
Apartment in Alexandria,3046852,175,3,4,Apartment,Furnished,Alexandria,"Beautiful apartment in Alexandria. 3 bedrooms, 4 bathrooms, 175 sqm. Furnished.",https://example.com/property/213,2026-05-04T18:39:28.476173,sample,17410.582857142857,14.929619812629461,Alexandria
Studio in Cairo,441722,44,0,1,Studio,Furnished,Cairo,"Beautiful studio in Cairo. 0 bedrooms, 1 bathrooms, 44 sqm. Furnished.",https://example.com/property/214,2026-05-04T18:39:28.476176,sample,10039.136363636364,12.998438267770712,Cairo
Studio in Cairo,432529,44,0,1,Studio,Furnished,Cairo,"Beautiful studio in Cairo. 0 bedrooms, 1 bathrooms, 44 sqm. Furnished.",https://example.com/property/215,2026-05-04T18:39:28.476179,sample,9830.204545454546,12.977406967110339,Cairo
Duplex in 6th October,2955821,192,4,2,Duplex,Unfurnished,6th October,"Beautiful duplex in 6th October. 4 bedrooms, 2 bathrooms, 192 sqm. Unfurnished.",https://example.com/property/216,2026-05-04T18:39:28.476182,sample,15394.901041666666,14.899287342728346,6th October
Studio in Cairo,523123,42,0,1,Studio,Furnished,Cairo,"Beautiful studio in Cairo. 0 bedrooms, 1 bathrooms, 42 sqm. Furnished.",https://example.com/property/217,2026-05-04T18:39:28.476185,sample,12455.309523809523,13.16757380863504,Cairo
Duplex in New Cairo,3363807,208,2,2,Duplex,Furnished,New Cairo,"Beautiful duplex in New Cairo. 2 bedrooms, 2 bathrooms, 208 sqm. Furnished.",https://example.com/property/218,2026-05-04T18:39:28.476189,sample,16172.149038461539,15.02858422353532,Cairo
Villa in Sheikh Zayed,6542250,289,3,4,Villa,Furnished,Sheikh Zayed,"Beautiful villa in Sheikh Zayed. 3 bedrooms, 4 bathrooms, 289 sqm. Furnished.",https://example.com/property/219,2026-05-04T18:39:28.476192,sample,22637.543252595155,15.693791853816174,Sheikh Zayed
Townhouse in Cairo,2154308,171,3,2,Townhouse,Unfurnished,Cairo,"Beautiful townhouse in Cairo. 3 bedrooms, 2 bathrooms, 171 sqm. Unfurnished.",https://example.com/property/220,2026-05-04T18:39:28.476195,sample,12598.292397660818,14.582980580448922,Cairo
Studio in Giza,379101,30,0,1,Studio,Furnished,Giza,"Beautiful studio in Giza. 0 bedrooms, 1 bathrooms, 30 sqm. Furnished.",https://example.com/property/221,2026-05-04T18:39:28.476198,sample,12636.7,12.845560577143372,Giza
Studio in Giza,364821,45,0,1,Studio,Unfurnished,Giza,"Beautiful studio in Giza. 0 bedrooms, 1 bathrooms, 45 sqm. Unfurnished.",https://example.com/property/222,2026-05-04T18:39:28.476201,sample,8107.133333333333,12.807164842381463,Giza
Apartment in New Cairo,1816708,100,3,2,Apartment,Furnished,New Cairo,"Beautiful apartment in New Cairo. 3 bedrooms, 2 bathrooms, 100 sqm. Furnished.",https://example.com/property/223,2026-05-04T18:39:28.476204,sample,18167.08,14.412537180452105,Cairo
Studio in New Cairo,373893,35,0,1,Studio,Semi-furnished,New Cairo,"Beautiful studio in New Cairo. 0 bedrooms, 1 bathrooms, 35 sqm. Semi-furnished.",https://example.com/property/224,2026-05-04T18:39:28.476207,sample,10682.657142857142,12.83172761376504,Cairo
Villa in Sheikh Zayed,8786641,311,3,4,Villa,Unfurnished,Sheikh Zayed,"Beautiful villa in Sheikh Zayed. 3 bedrooms, 4 bathrooms, 311 sqm. Unfurnished.",https://example.com/property/225,2026-05-04T18:39:28.476212,sample,28252.86495176849,15.988743171642767,Sheikh Zayed
Townhouse in Cairo,3347278,283,4,4,Townhouse,Furnished,Cairo,"Beautiful townhouse in Cairo. 4 bedrooms, 4 bathrooms, 283 sqm. Furnished.",https://example.com/property/226,2026-05-04T18:39:28.476216,sample,11827.83745583039,15.02365833495061,Cairo
Villa in New Cairo,12336819,384,5,4,Villa,Furnished,New Cairo,"Beautiful villa in New Cairo. 5 bedrooms, 4 bathrooms, 384 sqm. Furnished.",https://example.com/property/227,2026-05-04T18:39:28.476219,sample,32127.1328125,16.328098844690214,Cairo
Duplex in New Cairo,1936291,118,2,1,Duplex,Semi-furnished,New Cairo,"Beautiful duplex in New Cairo. 2 bedrooms, 1 bathrooms, 118 sqm. Semi-furnished.",https://example.com/property/228,2026-05-04T18:39:28.476222,sample,16409.245762711864,14.476285361891776,Cairo
Villa in 6th October,6070556,359,3,3,Villa,Semi-furnished,6th October,"Beautiful villa in 6th October. 3 bedrooms, 3 bathrooms, 359 sqm. Semi-furnished.",https://example.com/property/229,2026-05-04T18:39:28.476226,sample,16909.626740947075,15.618960921593446,6th October
Villa in Sheikh Zayed,4817568,213,3,1,Villa,Unfurnished,Sheikh Zayed,"Beautiful villa in Sheikh Zayed. 3 bedrooms, 1 bathrooms, 213 sqm. Unfurnished.",https://example.com/property/230,2026-05-04T18:39:28.476231,sample,22617.690140845072,15.387780001949615,Sheikh Zayed
Studio in Sheikh Zayed,271621,32,0,1,Studio,Unfurnished,Sheikh Zayed,"Beautiful studio in Sheikh Zayed. 0 bedrooms, 1 bathrooms, 32 sqm. Unfurnished.",https://example.com/property/231,2026-05-04T18:39:28.476234,sample,8488.15625,12.51216667285899,Sheikh Zayed
Apartment in Giza,1721446,143,2,1,Apartment,Unfurnished,Giza,"Beautiful apartment in Giza. 2 bedrooms, 1 bathrooms, 143 sqm. Unfurnished.",https://example.com/property/232,2026-05-04T18:39:28.476237,sample,12038.083916083917,14.358675774182514,Giza
Apartment in Sheikh Zayed,1459867,90,3,1,Apartment,Furnished,Sheikh Zayed,"Beautiful apartment in Sheikh Zayed. 3 bedrooms, 1 bathrooms, 90 sqm. Furnished.",https://example.com/property/233,2026-05-04T18:39:28.476240,sample,16220.744444444445,14.193856578638298,Sheikh Zayed
Villa in Sheikh Zayed,8825215,364,4,4,Villa,Furnished,Sheikh Zayed,"Beautiful villa in Sheikh Zayed. 4 bedrooms, 4 bathrooms, 364 sqm. Furnished.",https://example.com/property/234,2026-05-04T18:39:28.476244,sample,24245.096153846152,15.993123636404784,Sheikh Zayed
Apartment in New Cairo,1396512,96,2,1,Apartment,Furnished,New Cairo,"Beautiful apartment in New Cairo. 2 bedrooms, 1 bathrooms, 96 sqm. Furnished.",https://example.com/property/235,2026-05-04T18:39:28.476248,sample,14547.0,14.149488973310794,Cairo
Townhouse in Giza,3250472,279,3,1,Townhouse,Semi-furnished,Giza,"Beautiful townhouse in Giza. 3 bedrooms, 1 bathrooms, 279 sqm. Semi-furnished.",https://example.com/property/236,2026-05-04T18:39:28.476251,sample,11650.437275985663,14.994311082177765,Giza
Villa in Cairo,9127568,400,6,5,Villa,Semi-furnished,Cairo,"Beautiful villa in Cairo. 6 bedrooms, 5 bathrooms, 400 sqm. Semi-furnished.",https://example.com/property/237,2026-05-04T18:39:28.476254,sample,22818.92,16.026809952056077,Cairo
Apartment in Giza,2003873,125,2,3,Apartment,Semi-furnished,Giza,"Beautiful apartment in Giza. 2 bedrooms, 3 bathrooms, 125 sqm. Semi-furnished.",https://example.com/property/238,2026-05-04T18:39:28.476257,sample,16030.984,14.510592864958728,Giza
Villa in Cairo,5731050,216,4,4,Villa,Unfurnished,Cairo,"Beautiful villa in Cairo. 4 bedrooms, 4 bathrooms, 216 sqm. Unfurnished.",https://example.com/property/239,2026-05-04T18:39:28.476261,sample,26532.63888888889,15.56140949246479,Cairo
Duplex in Alexandria,5408625,242,4,2,Duplex,Furnished,Alexandria,"Beautiful duplex in Alexandria. 4 bedrooms, 2 bathrooms, 242 sqm. Furnished.",https://example.com/property/240,2026-05-04T18:39:28.476264,sample,22349.69008264463,15.503505644443779,Alexandria
Studio in Giza,387356,56,0,1,Studio,Unfurnished,Giza,"Beautiful studio in Giza. 0 bedrooms, 1 bathrooms, 56 sqm. Unfurnished.",https://example.com/property/241,2026-05-04T18:39:28.476266,sample,6917.071428571428,12.867102027408313,Giza
Townhouse in Sheikh Zayed,2992176,258,3,2,Townhouse,Semi-furnished,Sheikh Zayed,"Beautiful townhouse in Sheikh Zayed. 3 bedrooms, 2 bathrooms, 258 sqm. Semi-furnished.",https://example.com/property/242,2026-05-04T18:39:28.476270,sample,11597.581395348838,14.911511774080765,Sheikh Zayed
Villa in Sheikh Zayed,6742574,341,5,3,Villa,Furnished,Sheikh Zayed,"Beautiful villa in Sheikh Zayed. 5 bedrooms, 3 bathrooms, 341 sqm. Furnished.",https://example.com/property/243,2026-05-04T18:39:28.476273,sample,19772.944281524928,15.72395245740468,Sheikh Zayed
Townhouse in 6th October,2883127,263,5,4,Townhouse,Unfurnished,6th October,"Beautiful townhouse in 6th October. 5 bedrooms, 4 bathrooms, 263 sqm. Unfurnished.",https://example.com/property/244,2026-05-04T18:39:28.476276,sample,10962.460076045627,14.874386373831292,6th October
Townhouse in Alexandria,4025205,294,5,6,Townhouse,Unfurnished,Alexandria,"Beautiful townhouse in Alexandria. 5 bedrooms, 6 bathrooms, 294 sqm. Unfurnished.",https://example.com/property/245,2026-05-04T18:39:28.476280,sample,13691.173469387755,15.208086647649367,Alexandria
Villa in Alexandria,7034502,395,6,7,Villa,Unfurnished,Alexandria,"Beautiful villa in Alexandria. 6 bedrooms, 7 bathrooms, 395 sqm. Unfurnished.",https://example.com/property/246,2026-05-04T18:39:28.476283,sample,17808.86582278481,15.766337599268857,Alexandria
Townhouse in Giza,2726267,255,2,3,Townhouse,Unfurnished,Giza,"Beautiful townhouse in Giza. 2 bedrooms, 3 bathrooms, 255 sqm. Unfurnished.",https://example.com/property/247,2026-05-04T18:39:28.476286,sample,10691.243137254902,14.818444198952108,Giza
Townhouse in Sheikh Zayed,2941935,201,3,1,Townhouse,Semi-furnished,Sheikh Zayed,"Beautiful townhouse in Sheikh Zayed. 3 bedrooms, 1 bathrooms, 201 sqm. Semi-furnished.",https://example.com/property/248,2026-05-04T18:39:28.476290,sample,14636.492537313432,14.894578425997995,Sheikh Zayed
Duplex in Cairo,4495852,238,4,5,Duplex,Furnished,Cairo,"Beautiful duplex in Cairo. 4 bedrooms, 5 bathrooms, 238 sqm. Furnished.",https://example.com/property/249,2026-05-04T18:39:28.476293,sample,18890.134453781513,15.31866597429161,Cairo
Studio in Giza,398107,35,0,1,Studio,Unfurnished,Giza,"Beautiful studio in Giza. 0 bedrooms, 1 bathrooms, 35 sqm. Unfurnished.",https://example.com/property/250,2026-05-04T18:39:28.476296,sample,11374.485714285714,12.894478604239902,Giza
Townhouse in New Cairo,4587735,200,4,5,Townhouse,Furnished,New Cairo,"Beautiful townhouse in New Cairo. 4 bedrooms, 5 bathrooms, 200 sqm. Furnished.",https://example.com/property/251,2026-05-04T18:39:28.476300,sample,22938.675,15.338897214163447,Cairo
Villa in Cairo,4558691,246,4,5,Villa,Furnished,Cairo,"Beautiful villa in Cairo. 4 bedrooms, 5 bathrooms, 246 sqm. Furnished.",https://example.com/property/252,2026-05-04T18:39:28.476303,sample,18531.264227642278,15.33254629823824,Cairo
Studio in Giza,501859,52,0,1,Studio,Semi-furnished,Giza,"Beautiful studio in Giza. 0 bedrooms, 1 bathrooms, 52 sqm. Semi-furnished.",https://example.com/property/253,2026-05-04T18:39:28.476305,sample,9651.134615384615,13.12607647531621,Giza
Apartment in New Cairo,2935192,199,4,2,Apartment,Unfurnished,New Cairo,"Beautiful apartment in New Cairo. 4 bedrooms, 2 bathrooms, 199 sqm. Unfurnished.",https://example.com/property/254,2026-05-04T18:39:28.476308,sample,14749.708542713568,14.892283767174359,Cairo
Villa in Giza,6349496,211,6,7,Villa,Semi-furnished,Giza,"Beautiful villa in Giza. 6 bedrooms, 7 bathrooms, 211 sqm. Semi-furnished.",https://example.com/property/255,2026-05-04T18:39:28.476312,sample,30092.3981042654,15.663886155132966,Giza
Apartment in Alexandria,1662556,94,3,4,Apartment,Semi-furnished,Alexandria,"Beautiful apartment in Alexandria. 3 bedrooms, 4 bathrooms, 94 sqm. Semi-furnished.",https://example.com/property/256,2026-05-04T18:39:28.476316,sample,17686.76595744681,14.32386733663869,Alexandria
Townhouse in Cairo,3508592,212,3,2,Townhouse,Semi-furnished,Cairo,"Beautiful townhouse in Cairo. 3 bedrooms, 2 bathrooms, 212 sqm. Semi-furnished.",https://example.com/property/257,2026-05-04T18:39:28.476319,sample,16549.962264150945,15.070725660377471,Cairo
Duplex in New Cairo,3465466,156,4,2,Duplex,Semi-furnished,New Cairo,"Beautiful duplex in New Cairo. 4 bedrooms, 2 bathrooms, 156 sqm. Semi-furnished.",https://example.com/property/258,2026-05-04T18:39:28.476322,sample,22214.52564102564,15.058357957859403,Cairo
Duplex in New Cairo,4531119,245,4,5,Duplex,Unfurnished,New Cairo,"Beautiful duplex in New Cairo. 4 bedrooms, 5 bathrooms, 245 sqm. Unfurnished.",https://example.com/property/259,2026-05-04T18:39:28.476326,sample,18494.36326530612,15.326479707518393,Cairo
Apartment in 6th October,1269318,85,3,3,Apartment,Semi-furnished,6th October,"Beautiful apartment in 6th October. 3 bedrooms, 3 bathrooms, 85 sqm. Semi-furnished.",https://example.com/property/260,2026-05-04T18:39:28.476329,sample,14933.152941176471,14.053991094144722,6th October
Townhouse in Sheikh Zayed,2587268,205,2,2,Townhouse,Unfurnished,Sheikh Zayed,"Beautiful townhouse in Sheikh Zayed. 2 bedrooms, 2 bathrooms, 205 sqm. Unfurnished.",https://example.com/property/261,2026-05-04T18:39:28.476332,sample,12620.819512195121,14.76611343720816,Sheikh Zayed
Studio in Giza,701848,55,0,1,Studio,Furnished,Giza,"Beautiful studio in Giza. 0 bedrooms, 1 bathrooms, 55 sqm. Furnished.",https://example.com/property/262,2026-05-04T18:39:28.476336,sample,12760.872727272726,13.461473560155587,Giza
Apartment in Giza,1533450,75,2,2,Apartment,Furnished,Giza,"Beautiful apartment in Giza. 2 bedrooms, 2 bathrooms, 75 sqm. Furnished.",https://example.com/property/263,2026-05-04T18:39:28.476340,sample,20446.0,14.243031308977352,Giza
Apartment in Sheikh Zayed,3069269,140,3,3,Apartment,Furnished,Sheikh Zayed,"Beautiful apartment in Sheikh Zayed. 3 bedrooms, 3 bathrooms, 140 sqm. Furnished.",https://example.com/property/264,2026-05-04T18:39:28.476343,sample,21923.35,14.936950306271754,Sheikh Zayed
Duplex in Alexandria,3690392,242,3,1,Duplex,Furnished,Alexandria,"Beautiful duplex in Alexandria. 3 bedrooms, 1 bathrooms, 242 sqm. Furnished.",https://example.com/property/265,2026-05-04T18:39:28.476347,sample,15249.553719008265,15.121243514410596,Alexandria
Townhouse in Alexandria,1972584,177,3,1,Townhouse,Unfurnished,Alexandria,"Beautiful townhouse in Alexandria. 3 bedrooms, 1 bathrooms, 177 sqm. Unfurnished.",https://example.com/property/266,2026-05-04T18:39:28.476351,sample,11144.542372881357,14.49485542329589,Alexandria
Villa in Sheikh Zayed,5662077,303,3,2,Villa,Unfurnished,Sheikh Zayed,"Beautiful villa in Sheikh Zayed. 3 bedrooms, 2 bathrooms, 303 sqm. Unfurnished.",https://example.com/property/267,2026-05-04T18:39:28.476355,sample,18686.72277227723,15.549301520609959,Sheikh Zayed
Studio in New Cairo,713966,60,0,1,Studio,Semi-furnished,New Cairo,"Beautiful studio in New Cairo. 0 bedrooms, 1 bathrooms, 60 sqm. Semi-furnished.",https://example.com/property/268,2026-05-04T18:39:28.476357,sample,11899.433333333332,13.47859202176622,Cairo
Duplex in Sheikh Zayed,4417913,243,3,2,Duplex,Semi-furnished,Sheikh Zayed,"Beautiful duplex in Sheikh Zayed. 3 bedrooms, 2 bathrooms, 243 sqm. Semi-furnished.",https://example.com/property/269,2026-05-04T18:39:28.476361,sample,18180.711934156378,15.3011781969511,Sheikh Zayed
Studio in Cairo,243441,31,0,1,Studio,Furnished,Cairo,"Beautiful studio in Cairo. 0 bedrooms, 1 bathrooms, 31 sqm. Furnished.",https://example.com/property/270,2026-05-04T18:39:28.476364,sample,7852.935483870968,12.402634000113839,Cairo
Studio in 6th October,388664,42,0,1,Studio,Semi-furnished,6th October,"Beautiful studio in 6th October. 0 bedrooms, 1 bathrooms, 42 sqm. Semi-furnished.",https://example.com/property/271,2026-05-04T18:39:28.476367,sample,9253.904761904761,12.870473069050606,6th October
Apartment in Alexandria,3003818,182,4,2,Apartment,Unfurnished,Alexandria,"Beautiful apartment in Alexandria. 4 bedrooms, 2 bathrooms, 182 sqm. Unfurnished.",https://example.com/property/272,2026-05-04T18:39:28.476370,sample,16504.494505494506,14.915395037054873,Alexandria
Duplex in Cairo,3029289,237,2,3,Duplex,Semi-furnished,Cairo,"Beautiful duplex in Cairo. 2 bedrooms, 3 bathrooms, 237 sqm. Semi-furnished.",https://example.com/property/273,2026-05-04T18:39:28.476374,sample,12781.810126582279,14.923838826595183,Cairo
Townhouse in Sheikh Zayed,3233713,238,4,2,Townhouse,Unfurnished,Sheikh Zayed,"Beautiful townhouse in Sheikh Zayed. 4 bedrooms, 2 bathrooms, 238 sqm. Unfurnished.",https://example.com/property/274,2026-05-04T18:39:28.476377,sample,13587.029411764706,14.989141879834401,Sheikh Zayed
Apartment in Alexandria,2140435,181,2,1,Apartment,Unfurnished,Alexandria,"Beautiful apartment in Alexandria. 2 bedrooms, 1 bathrooms, 181 sqm. Unfurnished.",https://example.com/property/275,2026-05-04T18:39:28.476381,sample,11825.60773480663,14.57652010456396,Alexandria
Duplex in New Cairo,2568475,103,2,3,Duplex,Semi-furnished,New Cairo,"Beautiful duplex in New Cairo. 2 bedrooms, 3 bathrooms, 103 sqm. Semi-furnished.",https://example.com/property/276,2026-05-04T18:39:28.476384,sample,24936.650485436894,14.758823284870722,Cairo
Studio in Cairo,372490,43,0,1,Studio,Semi-furnished,Cairo,"Beautiful studio in Cairo. 0 bedrooms, 1 bathrooms, 43 sqm. Semi-furnished.",https://example.com/property/277,2026-05-04T18:39:28.476386,sample,8662.558139534884,12.827968155436043,Cairo
Studio in 6th October,538884,46,0,1,Studio,Furnished,6th October,"Beautiful studio in 6th October. 0 bedrooms, 1 bathrooms, 46 sqm. Furnished.",https://example.com/property/278,2026-05-04T18:39:28.476389,sample,11714.869565217392,13.197257469056563,6th October
Villa in Giza,5300775,226,4,3,Villa,Semi-furnished,Giza,"Beautiful villa in Giza. 4 bedrooms, 3 bathrooms, 226 sqm. Semi-furnished.",https://example.com/property/279,2026-05-04T18:39:28.476392,sample,23454.756637168142,15.483363782899046,Giza
Apartment in 6th October,1989720,103,4,4,Apartment,Semi-furnished,6th October,"Beautiful apartment in 6th October. 4 bedrooms, 4 bathrooms, 103 sqm. Semi-furnished.",https://example.com/property/280,2026-05-04T18:39:28.476395,sample,19317.66990291262,14.50350498586657,6th October
Duplex in Alexandria,4635844,249,2,2,Duplex,Semi-furnished,Alexandria,"Beautiful duplex in Alexandria. 2 bedrooms, 2 bathrooms, 249 sqm. Semi-furnished.",https://example.com/property/281,2026-05-04T18:39:28.476399,sample,18617.847389558232,15.349329048888027,Alexandria
Villa in Giza,4369858,151,3,4,Villa,Furnished,Giza,"Beautiful villa in Giza. 3 bedrooms, 4 bathrooms, 151 sqm. Furnished.",https://example.com/property/282,2026-05-04T18:39:28.476402,sample,28939.456953642384,15.290241301105008,Giza
Studio in Giza,340140,53,0,1,Studio,Semi-furnished,Giza,"Beautiful studio in Giza. 0 bedrooms, 1 bathrooms, 53 sqm. Semi-furnished.",https://example.com/property/283,2026-05-04T18:39:28.476404,sample,6417.735849056604,12.737115516507979,Giza
Studio in New Cairo,452776,33,0,1,Studio,Semi-furnished,New Cairo,"Beautiful studio in New Cairo. 0 bedrooms, 1 bathrooms, 33 sqm. Semi-furnished.",https://example.com/property/284,2026-05-04T18:39:28.476407,sample,13720.484848484848,13.023155009527994,Cairo
Townhouse in Sheikh Zayed,3183883,193,4,4,Townhouse,Unfurnished,Sheikh Zayed,"Beautiful townhouse in Sheikh Zayed. 4 bedrooms, 4 bathrooms, 193 sqm. Unfurnished.",https://example.com/property/285,2026-05-04T18:39:28.476411,sample,16496.80310880829,14.97361239312194,Sheikh Zayed
Townhouse in Giza,3918206,257,4,4,Townhouse,Semi-furnished,Giza,"Beautiful townhouse in Giza. 4 bedrooms, 4 bathrooms, 257 sqm. Semi-furnished.",https://example.com/property/286,2026-05-04T18:39:28.476414,sample,15245.937743190661,15.181144709169105,Giza
Studio in 6th October,337072,41,0,1,Studio,Unfurnished,6th October,"Beautiful studio in 6th October. 0 bedrooms, 1 bathrooms, 41 sqm. Unfurnished.",https://example.com/property/287,2026-05-04T18:39:28.476417,sample,8221.268292682927,12.72805480308706,6th October
Apartment in Giza,1971048,69,4,3,Apartment,Semi-furnished,Giza,"Beautiful apartment in Giza. 4 bedrooms, 3 bathrooms, 69 sqm. Semi-furnished.",https://example.com/property/288,2026-05-04T18:39:28.476420,sample,28565.91304347826,14.494076446302756,Giza
Apartment in Giza,2566771,126,4,5,Apartment,Semi-furnished,Giza,"Beautiful apartment in Giza. 4 bedrooms, 5 bathrooms, 126 sqm. Semi-furnished.",https://example.com/property/289,2026-05-04T18:39:28.476423,sample,20371.198412698413,14.758159636274767,Giza
Villa in New Cairo,6398255,179,5,6,Villa,Furnished,New Cairo,"Beautiful villa in New Cairo. 5 bedrooms, 6 bathrooms, 179 sqm. Furnished.",https://example.com/property/290,2026-05-04T18:39:28.476427,sample,35744.44134078212,15.671536011195029,Cairo
Studio in Sheikh Zayed,537912,56,0,1,Studio,Furnished,Sheikh Zayed,"Beautiful studio in Sheikh Zayed. 0 bedrooms, 1 bathrooms, 56 sqm. Furnished.",https://example.com/property/291,2026-05-04T18:39:28.476429,sample,9605.57142857143,13.19545211603027,Sheikh Zayed
Duplex in Cairo,2596583,204,3,2,Duplex,Unfurnished,Cairo,"Beautiful duplex in Cairo. 3 bedrooms, 2 bathrooms, 204 sqm. Unfurnished.",https://example.com/property/292,2026-05-04T18:39:28.476433,sample,12728.348039215687,14.769707292985277,Cairo
Townhouse in New Cairo,3696891,230,2,2,Townhouse,Semi-furnished,New Cairo,"Beautiful townhouse in New Cairo. 2 bedrooms, 2 bathrooms, 230 sqm. Semi-furnished.",https://example.com/property/293,2026-05-04T18:39:28.476436,sample,16073.439130434783,15.12300302461676,Cairo
Duplex in Alexandria,2576768,115,4,2,Duplex,Furnished,Alexandria,"Beautiful duplex in Alexandria. 4 bedrooms, 2 bathrooms, 115 sqm. Furnished.",https://example.com/property/294,2026-05-04T18:39:28.476439,sample,22406.678260869565,14.762046846501427,Alexandria
Studio in 6th October,367563,48,0,1,Studio,Semi-furnished,6th October,"Beautiful studio in 6th October. 0 bedrooms, 1 bathrooms, 48 sqm. Semi-furnished.",https://example.com/property/295,2026-05-04T18:39:28.476442,sample,7657.5625,12.8146527321326,6th October
Studio in New Cairo,465218,33,0,1,Studio,Furnished,New Cairo,"Beautiful studio in New Cairo. 0 bedrooms, 1 bathrooms, 33 sqm. Furnished.",https://example.com/property/296,2026-05-04T18:39:28.476446,sample,14097.515151515152,13.050263541440932,Cairo
Studio in New Cairo,575883,41,0,1,Studio,Semi-furnished,New Cairo,"Beautiful studio in New Cairo. 0 bedrooms, 1 bathrooms, 41 sqm. Semi-furnished.",https://example.com/property/297,2026-05-04T18:39:28.476449,sample,14045.926829268292,13.263661530507674,Cairo
Villa in Alexandria,8192280,326,6,6,Villa,Semi-furnished,Alexandria,"Beautiful villa in Alexandria. 6 bedrooms, 6 bathrooms, 326 sqm. Semi-furnished.",https://example.com/property/298,2026-05-04T18:39:28.476453,sample,25129.693251533743,15.918702927430946,Alexandria
Townhouse in Sheikh Zayed,4034363,220,4,5,Townhouse,Furnished,Sheikh Zayed,"Beautiful townhouse in Sheikh Zayed. 4 bedrooms, 5 bathrooms, 220 sqm. Furnished.",https://example.com/property/299,2026-05-04T18:39:28.476456,sample,18338.013636363637,15.210359226444876,Sheikh Zayed
Townhouse in Giza,2292150,181,4,2,Townhouse,Semi-furnished,Giza,"Beautiful townhouse in Giza. 4 bedrooms, 2 bathrooms, 181 sqm. Semi-furnished.",https://example.com/property/300,2026-05-04T18:39:28.476459,sample,12663.812154696132,14.64500123597304,Giza
Duplex in Sheikh Zayed,4706404,210,4,5,Duplex,Furnished,Sheikh Zayed,"Beautiful duplex in Sheikh Zayed. 4 bedrooms, 5 bathrooms, 210 sqm. Furnished.",https://example.com/property/301,2026-05-04T18:39:28.476463,sample,22411.44761904762,15.364434904914956,Sheikh Zayed
Townhouse in Giza,2550850,205,5,4,Townhouse,Unfurnished,Giza,"Beautiful townhouse in Giza. 5 bedrooms, 4 bathrooms, 205 sqm. Unfurnished.",https://example.com/property/302,2026-05-04T18:39:28.476467,sample,12443.170731707318,14.75193758695084,Giza
Villa in Cairo,7298870,305,5,4,Villa,Furnished,Cairo,"Beautiful villa in Cairo. 5 bedrooms, 4 bathrooms, 305 sqm. Furnished.",https://example.com/property/303,2026-05-04T18:39:28.476470,sample,23930.72131147541,15.803230236623664,Cairo
Studio in Alexandria,622396,57,0,1,Studio,Semi-furnished,Alexandria,"Beautiful studio in Alexandria. 0 bedrooms, 1 bathrooms, 57 sqm. Semi-furnished.",https://example.com/property/304,2026-05-04T18:39:28.476472,sample,10919.228070175439,13.341333431783289,Alexandria
Townhouse in Cairo,2785210,206,2,2,Townhouse,Furnished,Cairo,"Beautiful townhouse in Cairo. 2 bedrooms, 2 bathrooms, 206 sqm. Furnished.",https://example.com/property/305,2026-05-04T18:39:28.476476,sample,13520.436893203883,14.839834191489807,Cairo
Villa in Sheikh Zayed,8558994,358,5,4,Villa,Semi-furnished,Sheikh Zayed,"Beautiful villa in Sheikh Zayed. 5 bedrooms, 4 bathrooms, 358 sqm. Semi-furnished.",https://example.com/property/306,2026-05-04T18:39:28.476479,sample,23907.804469273742,15.962493334683181,Sheikh Zayed
Apartment in Sheikh Zayed,2386579,177,2,1,Apartment,Unfurnished,Sheikh Zayed,"Beautiful apartment in Sheikh Zayed. 2 bedrooms, 1 bathrooms, 177 sqm. Unfurnished.",https://example.com/property/307,2026-05-04T18:39:28.476482,sample,13483.497175141243,14.685371936760228,Sheikh Zayed
Studio in Giza,668816,56,0,1,Studio,Furnished,Giza,"Beautiful studio in Giza. 0 bedrooms, 1 bathrooms, 56 sqm. Furnished.",https://example.com/property/308,2026-05-04T18:39:28.476485,sample,11943.142857142857,13.413265759089867,Giza
Apartment in Alexandria,1892716,122,1,2,Apartment,Furnished,Alexandria,"Beautiful apartment in Alexandria. 1 bedrooms, 2 bathrooms, 122 sqm. Furnished.",https://example.com/property/309,2026-05-04T18:39:28.476489,sample,15514.065573770491,14.453523920864415,Alexandria
Duplex in 6th October,1329450,106,3,1,Duplex,Semi-furnished,6th October,"Beautiful duplex in 6th October. 3 bedrooms, 1 bathrooms, 106 sqm. Semi-furnished.",https://example.com/property/310,2026-05-04T18:39:28.476492,sample,12541.981132075472,14.100276633025127,6th October
Villa in Alexandria,5921192,267,6,4,Villa,Semi-furnished,Alexandria,"Beautiful villa in Alexandria. 6 bedrooms, 4 bathrooms, 267 sqm. Semi-furnished.",https://example.com/property/311,2026-05-04T18:39:28.476495,sample,22176.749063670413,15.594048506827976,Alexandria
Apartment in Giza,1650677,100,4,2,Apartment,Unfurnished,Giza,"Beautiful apartment in Giza. 4 bedrooms, 2 bathrooms, 100 sqm. Unfurnished.",https://example.com/property/312,2026-05-04T18:39:28.476498,sample,16506.77,14.316696670567651,Giza
Duplex in Cairo,3430732,139,4,4,Duplex,Furnished,Cairo,"Beautiful duplex in Cairo. 4 bedrooms, 4 bathrooms, 139 sqm. Furnished.",https://example.com/property/313,2026-05-04T18:39:28.476501,sample,24681.525179856115,15.048284498934876,Cairo
Apartment in New Cairo,2424908,76,4,5,Apartment,Furnished,New Cairo,"Beautiful apartment in New Cairo. 4 bedrooms, 5 bathrooms, 76 sqm. Furnished.",https://example.com/property/314,2026-05-04T18:39:28.476505,sample,31906.684210526317,14.701304555876415,Cairo
Villa in Sheikh Zayed,5748779,167,5,6,Villa,Furnished,Sheikh Zayed,"Beautiful villa in Sheikh Zayed. 5 bedrooms, 6 bathrooms, 167 sqm. Furnished.",https://example.com/property/315,2026-05-04T18:39:28.476509,sample,34423.82634730539,15.56449821634842,Sheikh Zayed
Villa in 6th October,4769847,242,6,5,Villa,Semi-furnished,6th October,"Beautiful villa in 6th October. 6 bedrooms, 5 bathrooms, 242 sqm. Semi-furnished.",https://example.com/property/316,2026-05-04T18:39:28.476512,sample,19710.111570247933,15.377824996528705,6th October
Villa in 6th October,3332889,151,5,4,Villa,Unfurnished,6th October,"Beautiful villa in 6th October. 5 bedrooms, 4 bathrooms, 151 sqm. Unfurnished.",https://example.com/property/317,2026-05-04T18:39:28.476515,sample,22072.112582781458,15.019350353444926,6th October
Villa in New Cairo,7355577,343,5,6,Villa,Unfurnished,New Cairo,"Beautiful villa in New Cairo. 5 bedrooms, 6 bathrooms, 343 sqm. Unfurnished.",https://example.com/property/318,2026-05-04T18:39:28.476518,sample,21444.830903790087,15.810969494925878,Cairo
Villa in Alexandria,7202717,262,6,4,Villa,Semi-furnished,Alexandria,"Beautiful villa in Alexandria. 6 bedrooms, 4 bathrooms, 262 sqm. Semi-furnished.",https://example.com/property/319,2026-05-04T18:39:28.476521,sample,27491.286259541987,15.789969012751087,Alexandria
Duplex in Alexandria,2497569,226,2,2,Duplex,Semi-furnished,Alexandria,"Beautiful duplex in Alexandria. 2 bedrooms, 2 bathrooms, 226 sqm. Semi-furnished.",https://example.com/property/320,2026-05-04T18:39:28.476524,sample,11051.190265486726,14.730828817140095,Alexandria
Villa in Cairo,4052568,183,5,5,Villa,Semi-furnished,Cairo,"Beautiful villa in Cairo. 5 bedrooms, 5 bathrooms, 183 sqm. Semi-furnished.",https://example.com/property/321,2026-05-04T18:39:28.476528,sample,22145.180327868853,15.214861558973855,Cairo
Duplex in Cairo,3697913,234,2,2,Duplex,Unfurnished,Cairo,"Beautiful duplex in Cairo. 2 bedrooms, 2 bathrooms, 234 sqm. Unfurnished.",https://example.com/property/322,2026-05-04T18:39:28.476532,sample,15803.047008547008,15.123279434844832,Cairo
Villa in 6th October,5233320,273,3,2,Villa,Furnished,6th October,"Beautiful villa in 6th October. 3 bedrooms, 2 bathrooms, 273 sqm. Furnished.",https://example.com/property/323,2026-05-04T18:39:28.476536,sample,19169.67032967033,15.470556624959752,6th October
Villa in Sheikh Zayed,7061841,278,4,2,Villa,Semi-furnished,Sheikh Zayed,"Beautiful villa in Sheikh Zayed. 4 bedrooms, 2 bathrooms, 278 sqm. Semi-furnished.",https://example.com/property/324,2026-05-04T18:39:28.476539,sample,25402.305755395682,15.770216481954819,Sheikh Zayed
Townhouse in Sheikh Zayed,2682474,137,2,3,Townhouse,Semi-furnished,Sheikh Zayed,"Beautiful townhouse in Sheikh Zayed. 2 bedrooms, 3 bathrooms, 137 sqm. Semi-furnished.",https://example.com/property/325,2026-05-04T18:39:28.476543,sample,19580.10218978102,14.80225043377907,Sheikh Zayed
Duplex in 6th October,2124198,135,4,5,Duplex,Semi-furnished,6th October,"Beautiful duplex in 6th October. 4 bedrooms, 5 bathrooms, 135 sqm. Semi-furnished.",https://example.com/property/326,2026-05-04T18:39:28.476546,sample,15734.8,14.568905348104002,6th October
Studio in Sheikh Zayed,584192,57,0,1,Studio,Furnished,Sheikh Zayed,"Beautiful studio in Sheikh Zayed. 0 bedrooms, 1 bathrooms, 57 sqm. Furnished.",https://example.com/property/327,2026-05-04T18:39:28.476549,sample,10248.982456140351,13.277986686666113,Sheikh Zayed
Studio in New Cairo,522541,55,0,1,Studio,Furnished,New Cairo,"Beautiful studio in New Cairo. 0 bedrooms, 1 bathrooms, 55 sqm. Furnished.",https://example.com/property/328,2026-05-04T18:39:28.476552,sample,9500.745454545455,13.166460642365701,Cairo
Studio in Cairo,407350,43,0,1,Studio,Unfurnished,Cairo,"Beautiful studio in Cairo. 0 bedrooms, 1 bathrooms, 43 sqm. Unfurnished.",https://example.com/property/329,2026-05-04T18:39:28.476554,sample,9473.255813953489,12.917430500627146,Cairo
Villa in Alexandria,9047946,353,5,4,Villa,Unfurnished,Alexandria,"Beautiful villa in Alexandria. 5 bedrooms, 4 bathrooms, 353 sqm. Unfurnished.",https://example.com/property/330,2026-05-04T18:39:28.476557,sample,25631.57507082153,16.01804843911284,Alexandria
Studio in 6th October,420352,47,0,1,Studio,Unfurnished,6th October,"Beautiful studio in 6th October. 0 bedrooms, 1 bathrooms, 47 sqm. Unfurnished.",https://example.com/property/331,2026-05-04T18:39:28.476565,sample,8943.659574468085,12.948850113447694,6th October
Studio in 6th October,273536,31,0,1,Studio,Furnished,6th October,"Beautiful studio in 6th October. 0 bedrooms, 1 bathrooms, 31 sqm. Furnished.",https://example.com/property/332,2026-05-04T18:39:28.476567,sample,8823.741935483871,12.519192175058006,6th October
Duplex in 6th October,3768408,223,2,3,Duplex,Semi-furnished,6th October,"Beautiful duplex in 6th October. 2 bedrooms, 3 bathrooms, 223 sqm. Semi-furnished.",https://example.com/property/333,2026-05-04T18:39:28.476570,sample,16898.69058295964,15.142163454435297,6th October
Villa in Alexandria,8975336,349,6,5,Villa,Semi-furnished,Alexandria,"Beautiful villa in Alexandria. 6 bedrooms, 5 bathrooms, 349 sqm. Semi-furnished.",https://example.com/property/334,2026-05-04T18:39:28.476573,sample,25717.29512893983,16.0099910403802,Alexandria
Duplex in Sheikh Zayed,3827456,174,3,4,Duplex,Unfurnished,Sheikh Zayed,"Beautiful duplex in Sheikh Zayed. 3 bedrooms, 4 bathrooms, 174 sqm. Unfurnished.",https://example.com/property/335,2026-05-04T18:39:28.476578,sample,21996.873563218393,15.157711171963605,Sheikh Zayed
Duplex in Cairo,2737032,146,3,4,Duplex,Unfurnished,Cairo,"Beautiful duplex in Cairo. 3 bedrooms, 4 bathrooms, 146 sqm. Unfurnished.",https://example.com/property/336,2026-05-04T18:39:28.476581,sample,18746.794520547945,14.822385044946843,Cairo
Studio in 6th October,476327,60,0,1,Studio,Semi-furnished,6th October,"Beautiful studio in 6th October. 0 bedrooms, 1 bathrooms, 60 sqm. Semi-furnished.",https://example.com/property/337,2026-05-04T18:39:28.476584,sample,7938.783333333334,13.073861971540204,6th October
Studio in Cairo,462692,60,0,1,Studio,Furnished,Cairo,"Beautiful studio in Cairo. 0 bedrooms, 1 bathrooms, 60 sqm. Furnished.",https://example.com/property/338,2026-05-04T18:39:28.476587,sample,7711.533333333334,13.044819046187612,Cairo
Villa in Giza,5441845,191,6,7,Villa,Unfurnished,Giza,"Beautiful villa in Giza. 6 bedrooms, 7 bathrooms, 191 sqm. Unfurnished.",https://example.com/property/339,2026-05-04T18:39:28.476590,sample,28491.33507853403,15.509628899505222,Giza
Studio in Giza,432773,41,0,1,Studio,Furnished,Giza,"Beautiful studio in Giza. 0 bedrooms, 1 bathrooms, 41 sqm. Furnished.",https://example.com/property/340,2026-05-04T18:39:28.476592,sample,10555.439024390244,12.977970930772743,Giza
Villa in Alexandria,8949888,277,6,6,Villa,Furnished,Alexandria,"Beautiful villa in Alexandria. 6 bedrooms, 6 bathrooms, 277 sqm. Furnished.",https://example.com/property/341,2026-05-04T18:39:28.476595,sample,32310.064981949457,16.007151687939494,Alexandria
Duplex in Cairo,2258313,129,2,1,Duplex,Furnished,Cairo,"Beautiful duplex in Cairo. 2 bedrooms, 1 bathrooms, 129 sqm. Furnished.",https://example.com/property/342,2026-05-04T18:39:28.476598,sample,17506.302325581397,14.630129075139676,Cairo
Duplex in Cairo,3619065,235,2,1,Duplex,Semi-furnished,Cairo,"Beautiful duplex in Cairo. 2 bedrooms, 1 bathrooms, 235 sqm. Semi-furnished.",https://example.com/property/343,2026-05-04T18:39:28.476601,sample,15400.27659574468,15.101726539461653,Cairo
Studio in 6th October,383630,43,0,1,Studio,Semi-furnished,6th October,"Beautiful studio in 6th October. 0 bedrooms, 1 bathrooms, 43 sqm. Semi-furnished.",https://example.com/property/344,2026-05-04T18:39:28.476604,sample,8921.627906976744,12.857436432073435,6th October
Villa in 6th October,4818824,263,6,4,Villa,Furnished,6th October,"Beautiful villa in 6th October. 6 bedrooms, 4 bathrooms, 263 sqm. Furnished.",https://example.com/property/345,2026-05-04T18:39:28.476608,sample,18322.524714828898,15.38804068037499,6th October
Duplex in 6th October,2614252,161,3,3,Duplex,Semi-furnished,6th October,"Beautiful duplex in 6th October. 3 bedrooms, 3 bathrooms, 161 sqm. Semi-furnished.",https://example.com/property/346,2026-05-04T18:39:28.476612,sample,16237.590062111802,14.776488955016838,6th October
Townhouse in Alexandria,1909457,123,2,2,Townhouse,Semi-furnished,Alexandria,"Beautiful townhouse in Alexandria. 2 bedrooms, 2 bathrooms, 123 sqm. Semi-furnished.",https://example.com/property/347,2026-05-04T18:39:28.476616,sample,15524.040650406505,14.462329990119084,Alexandria
Studio in 6th October,410785,38,0,1,Studio,Unfurnished,6th October,"Beautiful studio in 6th October. 0 bedrooms, 1 bathrooms, 38 sqm. Unfurnished.",https://example.com/property/348,2026-05-04T18:39:28.476618,sample,10810.131578947368,12.925827676611602,6th October
Apartment in Alexandria,2436502,102,4,2,Apartment,Semi-furnished,Alexandria,"Beautiful apartment in Alexandria. 4 bedrooms, 2 bathrooms, 102 sqm. Semi-furnished.",https://example.com/property/349,2026-05-04T18:39:28.476621,sample,23887.274509803923,14.706074372539309,Alexandria
Duplex in 6th October,2589223,206,2,1,Duplex,Semi-furnished,6th October,"Beautiful duplex in 6th October. 2 bedrooms, 1 bathrooms, 206 sqm. Semi-furnished.",https://example.com/property/350,2026-05-04T18:39:28.476624,sample,12569.043689320388,14.766868774882894,6th October
Townhouse in 6th October,3293210,279,2,2,Townhouse,Furnished,6th October,"Beautiful townhouse in 6th October. 2 bedrooms, 2 bathrooms, 279 sqm. Furnished.",https://example.com/property/351,2026-05-04T18:39:28.476628,sample,11803.620071684587,15.007373634617032,6th October
Townhouse in Alexandria,2654486,219,2,2,Townhouse,Semi-furnished,Alexandria,"Beautiful townhouse in Alexandria. 2 bedrooms, 2 bathrooms, 219 sqm. Semi-furnished.",https://example.com/property/352,2026-05-04T18:39:28.476631,sample,12120.940639269407,14.791761973649738,Alexandria
Duplex in Giza,3998230,182,4,5,Duplex,Unfurnished,Giza,"Beautiful duplex in Giza. 4 bedrooms, 5 bathrooms, 182 sqm. Unfurnished.",https://example.com/property/353,2026-05-04T18:39:28.476634,sample,21968.296703296703,15.201362571262791,Giza
Duplex in Alexandria,2499322,100,2,3,Duplex,Semi-furnished,Alexandria,"Beautiful duplex in Alexandria. 2 bedrooms, 3 bathrooms, 100 sqm. Semi-furnished.",https://example.com/property/354,2026-05-04T18:39:28.476638,sample,24993.22,14.731530453165488,Alexandria
Villa in Cairo,3221425,163,3,4,Villa,Unfurnished,Cairo,"Beautiful villa in Cairo. 3 bedrooms, 4 bathrooms, 163 sqm. Unfurnished.",https://example.com/property/355,2026-05-04T18:39:28.476642,sample,19763.34355828221,14.985334676631165,Cairo
Studio in Cairo,486646,45,0,1,Studio,Semi-furnished,Cairo,"Beautiful studio in Cairo. 0 bedrooms, 1 bathrooms, 45 sqm. Semi-furnished.",https://example.com/property/356,2026-05-04T18:39:28.476644,sample,10814.355555555556,13.095294293240961,Cairo
Apartment in Alexandria,1776429,90,3,1,Apartment,Furnished,Alexandria,"Beautiful apartment in Alexandria. 3 bedrooms, 1 bathrooms, 90 sqm. Furnished.",https://example.com/property/357,2026-05-04T18:39:28.476647,sample,19738.1,14.39011629034575,Alexandria
Duplex in 6th October,3095252,139,4,5,Duplex,Furnished,6th October,"Beautiful duplex in 6th October. 4 bedrooms, 5 bathrooms, 139 sqm. Furnished.",https://example.com/property/358,2026-05-04T18:39:28.476651,sample,22268.0,14.94538020550951,6th October
Apartment in New Cairo,1564366,148,1,2,Apartment,Semi-furnished,New Cairo,"Beautiful apartment in New Cairo. 1 bedrooms, 2 bathrooms, 148 sqm. Semi-furnished.",https://example.com/property/359,2026-05-04T18:39:28.476653,sample,10570.04054054054,14.262991827291735,Cairo
Townhouse in Cairo,3799533,267,3,1,Townhouse,Semi-furnished,Cairo,"Beautiful townhouse in Cairo. 3 bedrooms, 1 bathrooms, 267 sqm. Semi-furnished.",https://example.com/property/360,2026-05-04T18:39:28.476657,sample,14230.460674157302,15.1503889855978,Cairo
Duplex in Alexandria,2697993,204,2,2,Duplex,Unfurnished,Alexandria,"Beautiful duplex in Alexandria. 2 bedrooms, 2 bathrooms, 204 sqm. Unfurnished.",https://example.com/property/361,2026-05-04T18:39:28.476660,sample,13225.45588235294,14.808019091877833,Alexandria
Townhouse in 6th October,2907855,235,2,1,Townhouse,Unfurnished,6th October,"Beautiful townhouse in 6th October. 2 bedrooms, 1 bathrooms, 235 sqm. Unfurnished.",https://example.com/property/362,2026-05-04T18:39:28.476663,sample,12373.851063829787,14.88292659784,6th October
Duplex in Alexandria,3573221,149,4,4,Duplex,Unfurnished,Alexandria,"Beautiful duplex in Alexandria. 4 bedrooms, 4 bathrooms, 149 sqm. Unfurnished.",https://example.com/property/363,2026-05-04T18:39:28.476666,sample,23981.34899328859,15.088978267737021,Alexandria
Studio in 6th October,543956,58,0,1,Studio,Furnished,6th October,"Beautiful studio in 6th October. 0 bedrooms, 1 bathrooms, 58 sqm. Furnished.",https://example.com/property/364,2026-05-04T18:39:28.476670,sample,9378.551724137931,13.206625478596282,6th October
Villa in New Cairo,7067566,206,5,5,Villa,Unfurnished,New Cairo,"Beautiful villa in New Cairo. 5 bedrooms, 5 bathrooms, 206 sqm. Unfurnished.",https://example.com/property/365,2026-05-04T18:39:28.476674,sample,34308.57281553398,15.771026848519096,Cairo
Apartment in Cairo,1125382,80,1,1,Apartment,Furnished,Cairo,"Beautiful apartment in Cairo. 1 bedrooms, 1 bathrooms, 80 sqm. Furnished.",https://example.com/property/366,2026-05-04T18:39:28.476677,sample,14067.275,13.933633980127041,Cairo
Villa in Sheikh Zayed,6372647,157,6,6,Villa,Semi-furnished,Sheikh Zayed,"Beautiful villa in Sheikh Zayed. 6 bedrooms, 6 bathrooms, 157 sqm. Semi-furnished.",https://example.com/property/367,2026-05-04T18:39:28.476680,sample,40590.108280254775,15.667525639756754,Sheikh Zayed
Villa in Cairo,3686641,156,5,3,Villa,Semi-furnished,Cairo,"Beautiful villa in Cairo. 5 bedrooms, 3 bathrooms, 156 sqm. Semi-furnished.",https://example.com/property/368,2026-05-04T18:39:28.476683,sample,23632.3141025641,15.120226574590394,Cairo
Duplex in New Cairo,3062332,220,2,1,Duplex,Unfurnished,New Cairo,"Beautiful duplex in New Cairo. 2 bedrooms, 1 bathrooms, 220 sqm. Unfurnished.",https://example.com/property/369,2026-05-04T18:39:28.476686,sample,13919.690909090908,14.934687601736027,Cairo
Duplex in Giza,3281262,151,4,5,Duplex,Semi-furnished,Giza,"Beautiful duplex in Giza. 4 bedrooms, 5 bathrooms, 151 sqm. Semi-furnished.",https://example.com/property/370,2026-05-04T18:39:28.476690,sample,21730.2119205298,15.003738967218984,Giza
Studio in New Cairo,405335,34,0,1,Studio,Furnished,New Cairo,"Beautiful studio in New Cairo. 0 bedrooms, 1 bathrooms, 34 sqm. Furnished.",https://example.com/property/371,2026-05-04T18:39:28.476693,sample,11921.617647058823,12.912471631765866,Cairo
Studio in Giza,583096,60,0,1,Studio,Unfurnished,Giza,"Beautiful studio in Giza. 0 bedrooms, 1 bathrooms, 60 sqm. Unfurnished.",https://example.com/property/372,2026-05-04T18:39:28.476696,sample,9718.266666666666,13.276108832281903,Giza
Apartment in Giza,2700627,185,3,4,Apartment,Unfurnished,Giza,"Beautiful apartment in Giza. 3 bedrooms, 4 bathrooms, 185 sqm. Unfurnished.",https://example.com/property/373,2026-05-04T18:39:28.476699,sample,14597.983783783784,14.808994896521687,Giza
Townhouse in New Cairo,3564293,231,3,1,Townhouse,Semi-furnished,New Cairo,"Beautiful townhouse in New Cairo. 3 bedrooms, 1 bathrooms, 231 sqm. Semi-furnished.",https://example.com/property/374,2026-05-04T18:39:28.476702,sample,15429.839826839827,15.086476555753086,Cairo
Duplex in 6th October,1624576,104,3,2,Duplex,Unfurnished,6th October,"Beautiful duplex in 6th October. 3 bedrooms, 2 bathrooms, 104 sqm. Unfurnished.",https://example.com/property/375,2026-05-04T18:39:28.476706,sample,15620.923076923076,14.300758032167739,6th October
Villa in Alexandria,5492767,252,6,7,Villa,Unfurnished,Alexandria,"Beautiful villa in Alexandria. 6 bedrooms, 7 bathrooms, 252 sqm. Unfurnished.",https://example.com/property/376,2026-05-04T18:39:28.476710,sample,21796.694444444445,15.518942875860263,Alexandria
Villa in 6th October,5598730,349,3,3,Villa,Semi-furnished,6th October,"Beautiful villa in 6th October. 3 bedrooms, 3 bathrooms, 349 sqm. Semi-furnished.",https://example.com/property/377,2026-05-04T18:39:28.476713,sample,16042.206303724928,15.538050522883243,6th October
Studio in Sheikh Zayed,491270,41,0,1,Studio,Furnished,Sheikh Zayed,"Beautiful studio in Sheikh Zayed. 0 bedrooms, 1 bathrooms, 41 sqm. Furnished.",https://example.com/property/378,2026-05-04T18:39:28.476716,sample,11982.19512195122,13.104751189343537,Sheikh Zayed
Villa in Cairo,5958005,302,6,7,Villa,Furnished,Cairo,"Beautiful villa in Cairo. 6 bedrooms, 7 bathrooms, 302 sqm. Furnished.",https://example.com/property/379,2026-05-04T18:39:28.476719,sample,19728.493377483443,15.600246419304202,Cairo
Townhouse in Sheikh Zayed,4916781,289,5,6,Townhouse,Furnished,Sheikh Zayed,"Beautiful townhouse in Sheikh Zayed. 5 bedrooms, 6 bathrooms, 289 sqm. Furnished.",https://example.com/property/380,2026-05-04T18:39:28.476722,sample,17013.083044982697,15.408164809433986,Sheikh Zayed
Apartment in New Cairo,2079559,60,4,5,Apartment,Semi-furnished,New Cairo,"Beautiful apartment in New Cairo. 4 bedrooms, 5 bathrooms, 60 sqm. Semi-furnished.",https://example.com/property/381,2026-05-04T18:39:28.476725,sample,34659.316666666666,14.547666890838546,Cairo
Villa in Sheikh Zayed,6568144,279,3,2,Villa,Furnished,Sheikh Zayed,"Beautiful villa in Sheikh Zayed. 3 bedrooms, 2 bathrooms, 279 sqm. Furnished.",https://example.com/property/382,2026-05-04T18:39:28.476728,sample,23541.73476702509,15.697742006606402,Sheikh Zayed
Studio in New Cairo,744632,49,0,1,Studio,Furnished,New Cairo,"Beautiful studio in New Cairo. 0 bedrooms, 1 bathrooms, 49 sqm. Furnished.",https://example.com/property/383,2026-05-04T18:39:28.476731,sample,15196.57142857143,13.520646758536193,Cairo
Villa in 6th October,6439088,273,5,3,Villa,Furnished,6th October,"Beautiful villa in 6th October. 5 bedrooms, 3 bathrooms, 273 sqm. Furnished.",https://example.com/property/384,2026-05-04T18:39:28.476734,sample,23586.40293040293,15.67789762844685,6th October
Duplex in Giza,3590151,193,3,4,Duplex,Furnished,Giza,"Beautiful duplex in Giza. 3 bedrooms, 4 bathrooms, 193 sqm. Furnished.",https://example.com/property/385,2026-05-04T18:39:28.476738,sample,18601.818652849743,15.093705099401026,Giza
Duplex in Cairo,3021658,161,3,2,Duplex,Furnished,Cairo,"Beautiful duplex in Cairo. 3 bedrooms, 2 bathrooms, 161 sqm. Furnished.",https://example.com/property/386,2026-05-04T18:39:28.476741,sample,18768.062111801242,14.921316576268651,Cairo
Townhouse in Cairo,2778345,241,2,1,Townhouse,Furnished,Cairo,"Beautiful townhouse in Cairo. 2 bedrooms, 1 bathrooms, 241 sqm. Furnished.",https://example.com/property/387,2026-05-04T18:39:28.476744,sample,11528.402489626556,14.837366344576711,Cairo
Townhouse in Sheikh Zayed,2505618,128,5,3,Townhouse,Unfurnished,Sheikh Zayed,"Beautiful townhouse in Sheikh Zayed. 5 bedrooms, 3 bathrooms, 128 sqm. Unfurnished.",https://example.com/property/388,2026-05-04T18:39:28.476747,sample,19575.140625,14.734046367763918,Sheikh Zayed
Townhouse in Giza,3603235,242,5,6,Townhouse,Furnished,Giza,"Beautiful townhouse in Giza. 5 bedrooms, 6 bathrooms, 242 sqm. Furnished.",https://example.com/property/389,2026-05-04T18:39:28.476750,sample,14889.400826446281,15.097342888556549,Giza
Townhouse in Giza,2916684,268,4,2,Townhouse,Semi-furnished,Giza,"Beautiful townhouse in Giza. 4 bedrooms, 2 bathrooms, 268 sqm. Semi-furnished.",https://example.com/property/390,2026-05-04T18:39:28.476754,sample,10883.149253731342,14.885958255360219,Giza
Studio in Alexandria,430013,46,0,1,Studio,Furnished,Alexandria,"Beautiful studio in Alexandria. 0 bedrooms, 1 bathrooms, 46 sqm. Furnished.",https://example.com/property/391,2026-05-04T18:39:28.476756,sample,9348.108695652174,12.971573045279275,Alexandria
Studio in Cairo,578418,60,0,1,Studio,Furnished,Cairo,"Beautiful studio in Cairo. 0 bedrooms, 1 bathrooms, 60 sqm. Furnished.",https://example.com/property/392,2026-05-04T18:39:28.476759,sample,9640.3,13.268053798526449,Cairo
Duplex in Giza,3908707,222,2,3,Duplex,Unfurnished,Giza,"Beautiful duplex in Giza. 2 bedrooms, 3 bathrooms, 222 sqm. Unfurnished.",https://example.com/property/393,2026-05-04T18:39:28.476762,sample,17606.788288288288,15.178717442573337,Giza
Apartment in New Cairo,2110806,66,3,4,Apartment,Unfurnished,New Cairo,"Beautiful apartment in New Cairo. 3 bedrooms, 4 bathrooms, 66 sqm. Unfurnished.",https://example.com/property/394,2026-05-04T18:39:28.476765,sample,31981.909090909092,14.56258089678634,Cairo
Duplex in Cairo,2344767,151,3,1,Duplex,Furnished,Cairo,"Beautiful duplex in Cairo. 3 bedrooms, 1 bathrooms, 151 sqm. Furnished.",https://example.com/property/395,2026-05-04T18:39:28.476769,sample,15528.258278145695,14.667697021066317,Cairo
Townhouse in Sheikh Zayed,4678907,255,2,1,Townhouse,Furnished,Sheikh Zayed,"Beautiful townhouse in Sheikh Zayed. 2 bedrooms, 1 bathrooms, 255 sqm. Furnished.",https://example.com/property/396,2026-05-04T18:39:28.476773,sample,18348.654901960785,15.35857530733404,Sheikh Zayed
Duplex in Alexandria,3428762,233,2,1,Duplex,Furnished,Alexandria,"Beautiful duplex in Alexandria. 2 bedrooms, 1 bathrooms, 233 sqm. Furnished.",https://example.com/property/397,2026-05-04T18:39:28.476777,sample,14715.716738197425,15.047710112695956,Alexandria
Apartment in 6th October,2286704,109,4,5,Apartment,Furnished,6th October,"Beautiful apartment in 6th October. 4 bedrooms, 5 bathrooms, 109 sqm. Furnished.",https://example.com/property/398,2026-05-04T18:39:28.476780,sample,20978.935779816515,14.642622474741843,6th October
Apartment in 6th October,2098852,165,3,3,Apartment,Unfurnished,6th October,"Beautiful apartment in 6th October. 3 bedrooms, 3 bathrooms, 165 sqm. Unfurnished.",https://example.com/property/399,2026-05-04T18:39:28.476783,sample,12720.315151515151,14.556901563001107,6th October
Duplex in Alexandria,2347006,150,2,1,Duplex,Semi-furnished,Alexandria,"Beautiful duplex in Alexandria. 2 bedrooms, 1 bathrooms, 150 sqm. Semi-furnished.",https://example.com/property/400,2026-05-04T18:39:28.476786,sample,15646.706666666667,14.668651457359603,Alexandria
Studio in Sheikh Zayed,684489,49,0,1,Studio,Furnished,Sheikh Zayed,"Beautiful studio in Sheikh Zayed. 0 bedrooms, 1 bathrooms, 49 sqm. Furnished.",https://example.com/property/401,2026-05-04T18:39:28.476789,sample,13969.163265306122,13.436429314400128,Sheikh Zayed
Apartment in Sheikh Zayed,2324821,156,2,2,Apartment,Semi-furnished,Sheikh Zayed,"Beautiful apartment in Sheikh Zayed. 2 bedrooms, 2 bathrooms, 156 sqm. Semi-furnished.",https://example.com/property/402,2026-05-04T18:39:28.476792,sample,14902.698717948719,14.659154034933009,Sheikh Zayed
Duplex in Giza,3172433,126,2,3,Duplex,Furnished,Giza,"Beautiful duplex in Giza. 2 bedrooms, 3 bathrooms, 126 sqm. Furnished.",https://example.com/property/403,2026-05-04T18:39:28.476795,sample,25178.039682539682,14.970009674571772,Giza
Duplex in Alexandria,4371177,247,3,4,Duplex,Unfurnished,Alexandria,"Beautiful duplex in Alexandria. 3 bedrooms, 4 bathrooms, 247 sqm. Unfurnished.",https://example.com/property/404,2026-05-04T18:39:28.476798,sample,17697.072874493926,15.290543095962988,Alexandria
Duplex in Sheikh Zayed,3445958,166,4,5,Duplex,Unfurnished,Sheikh Zayed,"Beautiful duplex in Sheikh Zayed. 4 bedrooms, 5 bathrooms, 166 sqm. Unfurnished.",https://example.com/property/405,2026-05-04T18:39:28.476802,sample,20758.78313253012,15.052712798146649,Sheikh Zayed
Villa in 6th October,4349947,375,4,4,Villa,Unfurnished,6th October,"Beautiful villa in 6th October. 4 bedrooms, 4 bathrooms, 375 sqm. Unfurnished.",https://example.com/property/406,2026-05-04T18:39:28.476806,sample,11599.858666666667,15.285674448970429,6th October
Apartment in 6th October,1806808,153,2,2,Apartment,Furnished,6th October,"Beautiful apartment in 6th October. 2 bedrooms, 2 bathrooms, 153 sqm. Furnished.",https://example.com/property/407,2026-05-04T18:39:28.476809,sample,11809.202614379084,14.407072863932381,6th October
Duplex in Alexandria,4218436,148,4,4,Duplex,Furnished,Alexandria,"Beautiful duplex in Alexandria. 4 bedrooms, 4 bathrooms, 148 sqm. Furnished.",https://example.com/property/408,2026-05-04T18:39:28.476812,sample,28502.945945945947,15.254975238257979,Alexandria
Villa in Giza,5557793,376,5,4,Villa,Semi-furnished,Giza,"Beautiful villa in Giza. 5 bedrooms, 4 bathrooms, 376 sqm. Semi-furnished.",https://example.com/property/409,2026-05-04T18:39:28.476815,sample,14781.364361702128,15.530711824905735,Giza
Apartment in New Cairo,2233909,125,4,2,Apartment,Unfurnished,New Cairo,"Beautiful apartment in New Cairo. 4 bedrooms, 2 bathrooms, 125 sqm. Unfurnished.",https://example.com/property/410,2026-05-04T18:39:28.476819,sample,17871.272,14.619263971318114,Cairo
Townhouse in 6th October,2386337,234,2,2,Townhouse,Unfurnished,6th October,"Beautiful townhouse in 6th October. 2 bedrooms, 2 bathrooms, 234 sqm. Unfurnished.",https://example.com/property/411,2026-05-04T18:39:28.476822,sample,10198.021367521367,14.685270531288689,6th October
Studio in Sheikh Zayed,497792,37,0,1,Studio,Semi-furnished,Sheikh Zayed,"Beautiful studio in Sheikh Zayed. 0 bedrooms, 1 bathrooms, 37 sqm. Semi-furnished.",https://example.com/property/412,2026-05-04T18:39:28.476825,sample,13453.837837837838,13.117939606944521,Sheikh Zayed
Duplex in 6th October,1920860,153,3,1,Duplex,Unfurnished,6th October,"Beautiful duplex in 6th October. 3 bedrooms, 1 bathrooms, 153 sqm. Unfurnished.",https://example.com/property/413,2026-05-04T18:39:28.476828,sample,12554.640522875818,14.468284080985919,6th October
Duplex in 6th October,2858869,186,4,5,Duplex,Semi-furnished,6th October,"Beautiful duplex in 6th October. 4 bedrooms, 5 bathrooms, 186 sqm. Semi-furnished.",https://example.com/property/414,2026-05-04T18:39:28.476831,sample,15370.263440860215,14.865936999826426,6th October
Villa in Cairo,6546962,323,4,2,Villa,Semi-furnished,Cairo,"Beautiful villa in Cairo. 4 bedrooms, 2 bathrooms, 323 sqm. Semi-furnished.",https://example.com/property/415,2026-05-04T18:39:28.476835,sample,20269.232198142414,15.69451183596385,Cairo
Studio in Cairo,340434,35,0,1,Studio,Semi-furnished,Cairo,"Beautiful studio in Cairo. 0 bedrooms, 1 bathrooms, 35 sqm. Semi-furnished.",https://example.com/property/416,2026-05-04T18:39:28.476838,sample,9726.685714285713,12.737979490607236,Cairo
Studio in Giza,307236,34,0,1,Studio,Furnished,Giza,"Beautiful studio in Giza. 0 bedrooms, 1 bathrooms, 34 sqm. Furnished.",https://example.com/property/417,2026-05-04T18:39:28.476840,sample,9036.35294117647,12.635374715711347,Giza
Townhouse in Cairo,2776301,228,4,3,Townhouse,Furnished,Cairo,"Beautiful townhouse in Cairo. 4 bedrooms, 3 bathrooms, 228 sqm. Furnished.",https://example.com/property/418,2026-05-04T18:39:28.476845,sample,12176.758771929824,14.836630384317031,Cairo
Villa in Sheikh Zayed,7733467,295,3,4,Villa,Furnished,Sheikh Zayed,"Beautiful villa in Sheikh Zayed. 3 bedrooms, 4 bathrooms, 295 sqm. Furnished.",https://example.com/property/419,2026-05-04T18:39:28.476848,sample,26215.142372881357,15.861067961609914,Sheikh Zayed
Villa in 6th October,8255068,399,5,4,Villa,Unfurnished,6th October,"Beautiful villa in 6th October. 5 bedrooms, 4 bathrooms, 399 sqm. Unfurnished.",https://example.com/property/420,2026-05-04T18:39:28.476851,sample,20689.393483709275,15.926337993871996,6th October
Villa in New Cairo,8171309,293,6,5,Villa,Furnished,New Cairo,"Beautiful villa in New Cairo. 6 bedrooms, 5 bathrooms, 293 sqm. Furnished.",https://example.com/property/421,2026-05-04T18:39:28.476854,sample,27888.426621160408,15.916139796699925,Cairo
Duplex in New Cairo,4003106,167,4,2,Duplex,Furnished,New Cairo,"Beautiful duplex in New Cairo. 4 bedrooms, 2 bathrooms, 167 sqm. Furnished.",https://example.com/property/422,2026-05-04T18:39:28.476857,sample,23970.694610778442,15.202581367570007,Cairo
Studio in Alexandria,435056,43,0,1,Studio,Unfurnished,Alexandria,"Beautiful studio in Alexandria. 0 bedrooms, 1 bathrooms, 43 sqm. Unfurnished.",https://example.com/property/423,2026-05-04T18:39:28.476860,sample,10117.581395348838,12.983232335969312,Alexandria
Duplex in New Cairo,2684929,123,3,1,Duplex,Unfurnished,New Cairo,"Beautiful duplex in New Cairo. 3 bedrooms, 1 bathrooms, 123 sqm. Unfurnished.",https://example.com/property/424,2026-05-04T18:39:28.476863,sample,21828.691056910568,14.803165214821753,Cairo
Villa in New Cairo,9702786,374,5,4,Villa,Furnished,New Cairo,"Beautiful villa in New Cairo. 5 bedrooms, 4 bathrooms, 374 sqm. Furnished.",https://example.com/property/425,2026-05-04T18:39:28.476867,sample,25943.27807486631,16.087923721792873,Cairo
Duplex in Giza,2489522,128,2,1,Duplex,Furnished,Giza,"Beautiful duplex in Giza. 2 bedrooms, 1 bathrooms, 128 sqm. Furnished.",https://example.com/property/426,2026-05-04T18:39:28.476870,sample,19449.390625,14.72760168382467,Giza
Studio in Sheikh Zayed,530469,44,0,1,Studio,Furnished,Sheikh Zayed,"Beautiful studio in Sheikh Zayed. 0 bedrooms, 1 bathrooms, 44 sqm. Furnished.",https://example.com/property/427,2026-05-04T18:39:28.476873,sample,12056.113636363636,13.18151868501301,Sheikh Zayed
Duplex in Cairo,1807115,106,2,2,Duplex,Unfurnished,Cairo,"Beautiful duplex in Cairo. 2 bedrooms, 2 bathrooms, 106 sqm. Unfurnished.",https://example.com/property/428,2026-05-04T18:39:28.476876,sample,17048.254716981133,14.407242762311975,Cairo
Duplex in 6th October,2497560,160,4,3,Duplex,Semi-furnished,6th October,"Beautiful duplex in 6th October. 4 bedrooms, 3 bathrooms, 160 sqm. Semi-furnished.",https://example.com/property/429,2026-05-04T18:39:28.476879,sample,15609.75,14.730825213630999,6th October
Duplex in Alexandria,2285208,128,4,2,Duplex,Semi-furnished,Alexandria,"Beautiful duplex in Alexandria. 4 bedrooms, 2 bathrooms, 128 sqm. Semi-furnished.",https://example.com/property/430,2026-05-04T18:39:28.476882,sample,17853.1875,14.641968044210826,Alexandria
Duplex in Cairo,2766999,217,2,1,Duplex,Unfurnished,Cairo,"Beautiful duplex in Cairo. 2 bedrooms, 1 bathrooms, 217 sqm. Unfurnished.",https://example.com/property/431,2026-05-04T18:39:28.476886,sample,12751.147465437789,14.833274258769062,Cairo
Townhouse in New Cairo,2478084,181,3,1,Townhouse,Semi-furnished,New Cairo,"Beautiful townhouse in New Cairo. 3 bedrooms, 1 bathrooms, 181 sqm. Semi-furnished.",https://example.com/property/432,2026-05-04T18:39:28.476890,sample,13691.07182320442,14.722996642439265,Cairo
Duplex in 6th October,3113750,130,4,4,Duplex,Unfurnished,6th October,"Beautiful duplex in 6th October. 4 bedrooms, 4 bathrooms, 130 sqm. Unfurnished.",https://example.com/property/433,2026-05-04T18:39:28.476893,sample,23951.923076923078,14.951338666714637,6th October
Apartment in Sheikh Zayed,2515453,151,4,3,Apartment,Semi-furnished,Sheikh Zayed,"Beautiful apartment in Sheikh Zayed. 4 bedrooms, 3 bathrooms, 151 sqm. Semi-furnished.",https://example.com/property/434,2026-05-04T18:39:28.476897,sample,16658.629139072847,14.73796386212337,Sheikh Zayed
Apartment in Alexandria,1872152,83,4,2,Apartment,Semi-furnished,Alexandria,"Beautiful apartment in Alexandria. 4 bedrooms, 2 bathrooms, 83 sqm. Semi-furnished.",https://example.com/property/435,2026-05-04T18:39:28.476901,sample,22556.048192771083,14.442599663449128,Alexandria
Studio in 6th October,390672,30,0,1,Studio,Furnished,6th October,"Beautiful studio in 6th October. 0 bedrooms, 1 bathrooms, 30 sqm. Furnished.",https://example.com/property/436,2026-05-04T18:39:28.476903,sample,13022.4,12.875626171923674,6th October
Studio in Cairo,522809,60,0,1,Studio,Furnished,Cairo,"Beautiful studio in Cairo. 0 bedrooms, 1 bathrooms, 60 sqm. Furnished.",https://example.com/property/437,2026-05-04T18:39:28.476906,sample,8713.483333333334,13.166973388322798,Cairo
Villa in Alexandria,7356243,297,5,5,Villa,Semi-furnished,Alexandria,"Beautiful villa in Alexandria. 5 bedrooms, 5 bathrooms, 297 sqm. Semi-furnished.",https://example.com/property/438,2026-05-04T18:39:28.476909,sample,24768.49494949495,15.811060034357427,Alexandria
Apartment in New Cairo,1701325,108,1,2,Apartment,Semi-furnished,New Cairo,"Beautiful apartment in New Cairo. 1 bedrooms, 2 bathrooms, 108 sqm. Semi-furnished.",https://example.com/property/439,2026-05-04T18:39:28.476912,sample,15753.00925925926,14.346918504984536,Cairo
Villa in Alexandria,6210251,336,3,2,Villa,Semi-furnished,Alexandria,"Beautiful villa in Alexandria. 3 bedrooms, 2 bathrooms, 336 sqm. Semi-furnished.",https://example.com/property/440,2026-05-04T18:39:28.476915,sample,18482.88988095238,15.641712032796471,Alexandria
Villa in Giza,3216453,184,3,2,Villa,Unfurnished,Giza,"Beautiful villa in Giza. 3 bedrooms, 2 bathrooms, 184 sqm. Unfurnished.",https://example.com/property/441,2026-05-04T18:39:28.476918,sample,17480.722826086956,14.983790068471796,Giza
Villa in Alexandria,8411029,298,5,4,Villa,Furnished,Alexandria,"Beautiful villa in Alexandria. 5 bedrooms, 4 bathrooms, 298 sqm. Furnished.",https://example.com/property/442,2026-05-04T18:39:28.476922,sample,28224.92953020134,15.945054497696031,Alexandria
Villa in Sheikh Zayed,6266119,209,5,6,Villa,Semi-furnished,Sheikh Zayed,"Beautiful villa in Sheikh Zayed. 5 bedrooms, 6 bathrooms, 209 sqm. Semi-furnished.",https://example.com/property/443,2026-05-04T18:39:28.476925,sample,29981.430622009568,15.650667901284404,Sheikh Zayed
Duplex in Alexandria,2872374,102,3,4,Duplex,Unfurnished,Alexandria,"Beautiful duplex in Alexandria. 3 bedrooms, 4 bathrooms, 102 sqm. Unfurnished.",https://example.com/property/444,2026-05-04T18:39:28.476929,sample,28160.529411764706,14.870649771657238,Alexandria
Apartment in Sheikh Zayed,3113340,189,2,1,Apartment,Furnished,Sheikh Zayed,"Beautiful apartment in Sheikh Zayed. 2 bedrooms, 1 bathrooms, 189 sqm. Furnished.",https://example.com/property/445,2026-05-04T18:39:28.476932,sample,16472.698412698413,14.95120698406065,Sheikh Zayed
Duplex in Cairo,2103593,114,3,3,Duplex,Semi-furnished,Cairo,"Beautiful duplex in Cairo. 3 bedrooms, 3 bathrooms, 114 sqm. Semi-furnished.",https://example.com/property/446,2026-05-04T18:39:28.476936,sample,18452.570175438595,14.559157868439979,Cairo
Studio in Alexandria,636701,45,0,1,Studio,Semi-furnished,Alexandria,"Beautiful studio in Alexandria. 0 bedrooms, 1 bathrooms, 45 sqm. Semi-furnished.",https://example.com/property/447,2026-05-04T18:39:28.476939,sample,14148.91111111111,13.36405700719698,Alexandria
Townhouse in Giza,2414765,220,2,1,Townhouse,Semi-furnished,Giza,"Beautiful townhouse in Giza. 2 bedrooms, 1 bathrooms, 220 sqm. Semi-furnished.",https://example.com/property/448,2026-05-04T18:39:28.476942,sample,10976.204545454546,14.697112945964305,Giza
Apartment in Giza,1883123,170,4,2,Apartment,Semi-furnished,Giza,"Beautiful apartment in Giza. 4 bedrooms, 2 bathrooms, 170 sqm. Semi-furnished.",https://example.com/property/449,2026-05-04T18:39:28.476945,sample,11077.19411764706,14.448442657834368,Giza
Studio in Giza,398860,52,0,1,Studio,Unfurnished,Giza,"Beautiful studio in Giza. 0 bedrooms, 1 bathrooms, 52 sqm. Unfurnished.",https://example.com/property/450,2026-05-04T18:39:28.476948,sample,7670.384615384615,12.896368264249434,Giza
Townhouse in Alexandria,1793770,133,2,3,Townhouse,Semi-furnished,Alexandria,"Beautiful townhouse in Alexandria. 2 bedrooms, 3 bathrooms, 133 sqm. Semi-furnished.",https://example.com/property/451,2026-05-04T18:39:28.476951,sample,13486.992481203008,14.39983066573861,Alexandria
Townhouse in New Cairo,1899857,129,3,3,Townhouse,Semi-furnished,New Cairo,"Beautiful townhouse in New Cairo. 3 bedrooms, 3 bathrooms, 129 sqm. Semi-furnished.",https://example.com/property/452,2026-05-04T18:39:28.476954,sample,14727.573643410853,14.457289704501626,Cairo
Townhouse in Sheikh Zayed,3492388,205,5,4,Townhouse,Semi-furnished,Sheikh Zayed,"Beautiful townhouse in Sheikh Zayed. 5 bedrooms, 4 bathrooms, 205 sqm. Semi-furnished.",https://example.com/property/453,2026-05-04T18:39:28.476957,sample,17036.039024390244,15.066096587217345,Sheikh Zayed
Duplex in Sheikh Zayed,4811769,162,4,5,Duplex,Furnished,Sheikh Zayed,"Beautiful duplex in Sheikh Zayed. 4 bedrooms, 5 bathrooms, 162 sqm. Furnished.",https://example.com/property/454,2026-05-04T18:39:28.476960,sample,29702.277777777777,15.386575557760652,Sheikh Zayed
Villa in Sheikh Zayed,6555411,303,4,5,Villa,Semi-furnished,Sheikh Zayed,"Beautiful villa in Sheikh Zayed. 4 bedrooms, 5 bathrooms, 303 sqm. Semi-furnished.",https://example.com/property/455,2026-05-04T18:39:28.476964,sample,21635.019801980197,15.695801525988918,Sheikh Zayed
Studio in Alexandria,326430,34,0,1,Studio,Furnished,Alexandria,"Beautiful studio in Alexandria. 0 bedrooms, 1 bathrooms, 34 sqm. Furnished.",https://example.com/property/456,2026-05-04T18:39:28.476967,sample,9600.882352941177,12.695973873052399,Alexandria
Townhouse in Giza,2336069,168,2,1,Townhouse,Semi-furnished,Giza,"Beautiful townhouse in Giza. 2 bedrooms, 1 bathrooms, 168 sqm. Semi-furnished.",https://example.com/property/457,2026-05-04T18:39:28.476971,sample,13905.172619047618,14.663980588234715,Giza
Townhouse in New Cairo,2894923,211,5,3,Townhouse,Unfurnished,New Cairo,"Beautiful townhouse in New Cairo. 5 bedrooms, 3 bathrooms, 211 sqm. Unfurnished.",https://example.com/property/458,2026-05-04T18:39:28.476974,sample,13720.014218009479,14.878469416485745,Cairo
Duplex in New Cairo,2764586,132,2,3,Duplex,Semi-furnished,New Cairo,"Beautiful duplex in New Cairo. 2 bedrooms, 3 bathrooms, 132 sqm. Semi-furnished.",https://example.com/property/459,2026-05-04T18:39:28.476978,sample,20943.833333333332,14.83240181469359,Cairo
Villa in 6th October,4404767,165,6,6,Villa,Semi-furnished,6th October,"Beautiful villa in 6th October. 6 bedrooms, 6 bathrooms, 165 sqm. Semi-furnished.",https://example.com/property/460,2026-05-04T18:39:28.476981,sample,26695.557575757575,15.298198148542056,6th October
Studio in New Cairo,647454,43,0,1,Studio,Semi-furnished,New Cairo,"Beautiful studio in New Cairo. 0 bedrooms, 1 bathrooms, 43 sqm. Semi-furnished.",https://example.com/property/461,2026-05-04T18:39:28.476983,sample,15057.06976744186,13.380804572071229,Cairo
Townhouse in Sheikh Zayed,3312671,223,4,3,Townhouse,Semi-furnished,Sheikh Zayed,"Beautiful townhouse in Sheikh Zayed. 4 bedrooms, 3 bathrooms, 223 sqm. Semi-furnished.",https://example.com/property/462,2026-05-04T18:39:28.476986,sample,14855.026905829596,15.013265672456885,Sheikh Zayed
Apartment in Giza,2005924,166,3,1,Apartment,Unfurnished,Giza,"Beautiful apartment in Giza. 3 bedrooms, 1 bathrooms, 166 sqm. Unfurnished.",https://example.com/property/463,2026-05-04T18:39:28.476989,sample,12083.87951807229,14.511615858968584,Giza
Studio in New Cairo,582060,44,0,1,Studio,Semi-furnished,New Cairo,"Beautiful studio in New Cairo. 0 bedrooms, 1 bathrooms, 44 sqm. Semi-furnished.",https://example.com/property/464,2026-05-04T18:39:28.476992,sample,13228.636363636364,13.27433053221785,Cairo
Villa in Sheikh Zayed,5509559,215,4,5,Villa,Semi-furnished,Sheikh Zayed,"Beautiful villa in Sheikh Zayed. 4 bedrooms, 5 bathrooms, 215 sqm. Semi-furnished.",https://example.com/property/465,2026-05-04T18:39:28.476997,sample,25625.855813953487,15.521995323131096,Sheikh Zayed
Duplex in Alexandria,3283571,186,2,2,Duplex,Semi-furnished,Alexandria,"Beautiful duplex in Alexandria. 2 bedrooms, 2 bathrooms, 186 sqm. Semi-furnished.",https://example.com/property/466,2026-05-04T18:39:28.477001,sample,17653.607526881722,15.004442412193676,Alexandria
Villa in 6th October,4351627,184,6,6,Villa,Semi-furnished,6th October,"Beautiful villa in 6th October. 6 bedrooms, 6 bathrooms, 184 sqm. Semi-furnished.",https://example.com/property/467,2026-05-04T18:39:28.477004,sample,23650.146739130436,15.286060585923291,6th October
Villa in Sheikh Zayed,6667200,252,3,2,Villa,Furnished,Sheikh Zayed,"Beautiful villa in Sheikh Zayed. 3 bedrooms, 2 bathrooms, 252 sqm. Furnished.",https://example.com/property/468,2026-05-04T18:39:28.477007,sample,26457.14285714286,15.712710689638316,Sheikh Zayed
Apartment in New Cairo,1765842,118,2,1,Apartment,Semi-furnished,New Cairo,"Beautiful apartment in New Cairo. 2 bedrooms, 1 bathrooms, 118 sqm. Semi-furnished.",https://example.com/property/469,2026-05-04T18:39:28.477011,sample,14964.762711864407,14.38413875472182,Cairo
Townhouse in New Cairo,2741474,156,4,5,Townhouse,Semi-furnished,New Cairo,"Beautiful townhouse in New Cairo. 4 bedrooms, 5 bathrooms, 156 sqm. Semi-furnished.",https://example.com/property/470,2026-05-04T18:39:28.477014,sample,17573.55128205128,14.824006654689276,Cairo
Duplex in 6th October,3233617,232,2,1,Duplex,Furnished,6th October,"Beautiful duplex in 6th October. 2 bedrooms, 1 bathrooms, 232 sqm. Furnished.",https://example.com/property/471,2026-05-04T18:39:28.477017,sample,13938.004310344828,14.989112192167212,6th October
Apartment in Sheikh Zayed,1659473,92,2,2,Apartment,Furnished,Sheikh Zayed,"Beautiful apartment in Sheikh Zayed. 2 bedrooms, 2 bathrooms, 92 sqm. Furnished.",https://example.com/property/472,2026-05-04T18:39:28.477020,sample,18037.75,14.322011242649742,Sheikh Zayed
Villa in Giza,6538696,262,4,3,Villa,Unfurnished,Giza,"Beautiful villa in Giza. 4 bedrooms, 3 bathrooms, 262 sqm. Unfurnished.",https://example.com/property/473,2026-05-04T18:39:28.477023,sample,24956.85496183206,15.693248468109351,Giza
Villa in Giza,5352375,284,5,4,Villa,Unfurnished,Giza,"Beautiful villa in Giza. 5 bedrooms, 4 bathrooms, 284 sqm. Unfurnished.",https://example.com/property/474,2026-05-04T18:39:28.477027,sample,18846.390845070422,15.49305113243311,Giza
Apartment in Giza,1119180,78,2,1,Apartment,Semi-furnished,Giza,"Beautiful apartment in Giza. 2 bedrooms, 1 bathrooms, 78 sqm. Semi-furnished.",https://example.com/property/475,2026-05-04T18:39:28.477031,sample,14348.461538461539,13.928107725777584,Giza
Villa in New Cairo,6904077,356,3,3,Villa,Unfurnished,New Cairo,"Beautiful villa in New Cairo. 3 bedrooms, 3 bathrooms, 356 sqm. Unfurnished.",https://example.com/property/476,2026-05-04T18:39:28.477034,sample,19393.474719101123,15.747622809479958,Cairo
Townhouse in Sheikh Zayed,5185779,244,5,4,Townhouse,Furnished,Sheikh Zayed,"Beautiful townhouse in Sheikh Zayed. 5 bedrooms, 4 bathrooms, 244 sqm. Furnished.",https://example.com/property/477,2026-05-04T18:39:28.477037,sample,21253.19262295082,15.461430822275783,Sheikh Zayed
Studio in Cairo,392097,33,0,1,Studio,Unfurnished,Cairo,"Beautiful studio in Cairo. 0 bedrooms, 1 bathrooms, 33 sqm. Unfurnished.",https://example.com/property/478,2026-05-04T18:39:28.477040,sample,11881.727272727272,12.879267087527808,Cairo
Apartment in 6th October,917961,61,1,2,Apartment,Semi-furnished,6th October,"Beautiful apartment in 6th October. 1 bedrooms, 2 bathrooms, 61 sqm. Semi-furnished.",https://example.com/property/479,2026-05-04T18:39:28.477043,sample,15048.540983606557,13.729911274410346,6th October
Townhouse in Giza,3318040,273,2,1,Townhouse,Unfurnished,Giza,"Beautiful townhouse in Giza. 2 bedrooms, 1 bathrooms, 273 sqm. Unfurnished.",https://example.com/property/480,2026-05-04T18:39:28.477047,sample,12153.992673992674,15.014885106497653,Giza
Townhouse in Alexandria,1672299,203,2,2,Townhouse,Unfurnished,Alexandria,"Beautiful townhouse in Alexandria. 2 bedrooms, 2 bathrooms, 203 sqm. Unfurnished.",https://example.com/property/481,2026-05-04T18:39:28.477050,sample,8237.926108374384,14.329710482369213,Alexandria
Duplex in Sheikh Zayed,3582193,150,3,3,Duplex,Semi-furnished,Sheikh Zayed,"Beautiful duplex in Sheikh Zayed. 3 bedrooms, 3 bathrooms, 150 sqm. Semi-furnished.",https://example.com/property/482,2026-05-04T18:39:28.477053,sample,23881.286666666667,15.091486019823536,Sheikh Zayed
Apartment in Cairo,2005766,105,4,4,Apartment,Semi-furnished,Cairo,"Beautiful apartment in Cairo. 4 bedrooms, 4 bathrooms, 105 sqm. Semi-furnished.",https://example.com/property/483,2026-05-04T18:39:28.477057,sample,19102.533333333333,14.51153708921254,Cairo
Apartment in New Cairo,3038204,151,3,3,Apartment,Semi-furnished,New Cairo,"Beautiful apartment in New Cairo. 3 bedrooms, 3 bathrooms, 151 sqm. Semi-furnished.",https://example.com/property/484,2026-05-04T18:39:28.477060,sample,20120.556291390727,14.926777438465622,Cairo
Townhouse in Cairo,3545900,204,5,4,Townhouse,Unfurnished,Cairo,"Beautiful townhouse in Cairo. 5 bedrooms, 4 bathrooms, 204 sqm. Unfurnished.",https://example.com/property/485,2026-05-04T18:39:28.477064,sample,17381.86274509804,15.081302846444828,Cairo
Apartment in 6th October,1476582,85,2,3,Apartment,Semi-furnished,6th October,"Beautiful apartment in 6th October. 2 bedrooms, 3 bathrooms, 85 sqm. Semi-furnished.",https://example.com/property/486,2026-05-04T18:39:28.477067,sample,17371.55294117647,14.205241192605806,6th October
Duplex in Giza,1986480,134,3,4,Duplex,Semi-furnished,Giza,"Beautiful duplex in Giza. 3 bedrooms, 4 bathrooms, 134 sqm. Semi-furnished.",https://example.com/property/487,2026-05-04T18:39:28.477070,sample,14824.477611940298,14.501875289630265,Giza
Duplex in Giza,4919317,249,4,2,Duplex,Semi-furnished,Giza,"Beautiful duplex in Giza. 4 bedrooms, 2 bathrooms, 249 sqm. Semi-furnished.",https://example.com/property/488,2026-05-04T18:39:28.477073,sample,19756.293172690763,15.408680460973965,Giza
Townhouse in New Cairo,3857299,205,5,6,Townhouse,Semi-furnished,New Cairo,"Beautiful townhouse in New Cairo. 5 bedrooms, 6 bathrooms, 205 sqm. Semi-furnished.",https://example.com/property/489,2026-05-04T18:39:28.477076,sample,18816.09268292683,15.16547801482415,Cairo
Apartment in Giza,2010004,140,3,3,Apartment,Unfurnished,Giza,"Beautiful apartment in Giza. 3 bedrooms, 3 bathrooms, 140 sqm. Unfurnished.",https://example.com/property/490,2026-05-04T18:39:28.477080,sample,14357.171428571428,14.513647767594353,Giza
Villa in Sheikh Zayed,5478909,307,4,2,Villa,Furnished,Sheikh Zayed,"Beautiful villa in Sheikh Zayed. 4 bedrooms, 2 bathrooms, 307 sqm. Furnished.",https://example.com/property/491,2026-05-04T18:39:28.477083,sample,17846.609120521174,15.516416734030464,Sheikh Zayed
Duplex in New Cairo,3708128,189,4,2,Duplex,Semi-furnished,New Cairo,"Beautiful duplex in New Cairo. 4 bedrooms, 2 bathrooms, 189 sqm. Semi-furnished.",https://example.com/property/492,2026-05-04T18:39:28.477086,sample,19619.724867724868,15.126037994706751,Cairo
Studio in Sheikh Zayed,657086,44,0,1,Studio,Furnished,Sheikh Zayed,"Beautiful studio in Sheikh Zayed. 0 bedrooms, 1 bathrooms, 44 sqm. Furnished.",https://example.com/property/493,2026-05-04T18:39:28.477089,sample,14933.772727272728,13.395571708791305,Sheikh Zayed
Duplex in Giza,2940591,141,4,3,Duplex,Unfurnished,Giza,"Beautiful duplex in Giza. 4 bedrooms, 3 bathrooms, 141 sqm. Unfurnished.",https://example.com/property/494,2026-05-04T18:39:28.477092,sample,20855.255319148935,14.894121479588769,Giza
Townhouse in New Cairo,1779545,162,2,2,Townhouse,Semi-furnished,New Cairo,"Beautiful townhouse in New Cairo. 2 bedrooms, 2 bathrooms, 162 sqm. Semi-furnished.",https://example.com/property/495,2026-05-04T18:39:28.477096,sample,10984.845679012345,14.391868833556133,Cairo
Villa in Cairo,7066533,308,6,5,Villa,Unfurnished,Cairo,"Beautiful villa in Cairo. 6 bedrooms, 5 bathrooms, 308 sqm. Unfurnished.",https://example.com/property/496,2026-05-04T18:39:28.477099,sample,22943.28896103896,15.770880677213,Cairo
Duplex in Alexandria,4006533,248,2,2,Duplex,Semi-furnished,Alexandria,"Beautiful duplex in Alexandria. 2 bedrooms, 2 bathrooms, 248 sqm. Semi-furnished.",https://example.com/property/497,2026-05-04T18:39:28.477103,sample,16155.375,15.203437086374164,Alexandria
Villa in Alexandria,3822902,194,3,1,Villa,Unfurnished,Alexandria,"Beautiful villa in Alexandria. 3 bedrooms, 1 bathrooms, 194 sqm. Unfurnished.",https://example.com/property/498,2026-05-04T18:39:28.477106,sample,19705.680412371134,15.156520639612738,Alexandria
Townhouse in Cairo,2944953,217,3,4,Townhouse,Semi-furnished,Cairo,"Beautiful townhouse in Cairo. 3 bedrooms, 4 bathrooms, 217 sqm. Semi-furnished.",https://example.com/property/499,2026-05-04T18:39:28.477110,sample,13571.211981566821,14.895603755251438,Cairo
Townhouse in 6th October,2172361,201,2,3,Townhouse,Unfurnished,6th October,"Beautiful townhouse in 6th October. 2 bedrooms, 3 bathrooms, 201 sqm. Unfurnished.",https://example.com/property/500,2026-05-04T18:39:28.477113,sample,10807.766169154229,14.591325612815284,6th October
Duplex in New Cairo,4747225,202,3,1,Duplex,Furnished,New Cairo,"Beautiful duplex in New Cairo. 3 bedrooms, 1 bathrooms, 202 sqm. Furnished.",https://example.com/property/501,2026-05-04T18:39:28.477116,sample,23501.11386138614,15.373071005416403,Cairo
Villa in New Cairo,10152473,395,4,3,Villa,Unfurnished,New Cairo,"Beautiful villa in New Cairo. 4 bedrooms, 3 bathrooms, 395 sqm. Unfurnished.",https://example.com/property/502,2026-05-04T18:39:28.477120,sample,25702.46329113924,16.13322797759373,Cairo
Apartment in New Cairo,1401748,100,1,1,Apartment,Unfurnished,New Cairo,"Beautiful apartment in New Cairo. 1 bedrooms, 1 bathrooms, 100 sqm. Unfurnished.",https://example.com/property/503,2026-05-04T18:39:28.477123,sample,14017.48,14.153231300591692,Cairo
Townhouse in Giza,2519773,238,3,1,Townhouse,Furnished,Giza,"Beautiful townhouse in Giza. 3 bedrooms, 1 bathrooms, 238 sqm. Furnished.",https://example.com/property/504,2026-05-04T18:39:28.477126,sample,10587.281512605043,14.739679772926204,Giza
Studio in Sheikh Zayed,364712,39,0,1,Studio,Semi-furnished,Sheikh Zayed,"Beautiful studio in Sheikh Zayed. 0 bedrooms, 1 bathrooms, 39 sqm. Semi-furnished.",https://example.com/property/505,2026-05-04T18:39:28.477129,sample,9351.589743589744,12.806866021897699,Sheikh Zayed
Studio in Alexandria,341253,35,0,1,Studio,Unfurnished,Alexandria,"Beautiful studio in Alexandria. 0 bedrooms, 1 bathrooms, 35 sqm. Unfurnished.",https://example.com/property/506,2026-05-04T18:39:28.477132,sample,9750.085714285715,12.740382347024331,Alexandria
Studio in Sheikh Zayed,416505,35,0,1,Studio,Furnished,Sheikh Zayed,"Beautiful studio in Sheikh Zayed. 0 bedrooms, 1 bathrooms, 35 sqm. Furnished.",https://example.com/property/507,2026-05-04T18:39:28.477135,sample,11900.142857142857,12.939656146247577,Sheikh Zayed
Duplex in Sheikh Zayed,4988591,203,4,2,Duplex,Semi-furnished,Sheikh Zayed,"Beautiful duplex in Sheikh Zayed. 4 bedrooms, 2 bathrooms, 203 sqm. Semi-furnished.",https://example.com/property/508,2026-05-04T18:39:28.477138,sample,24574.339901477833,15.4226642635832,Sheikh Zayed
Townhouse in Alexandria,3692855,226,4,5,Townhouse,Semi-furnished,Alexandria,"Beautiful townhouse in Alexandria. 4 bedrooms, 5 bathrooms, 226 sqm. Semi-furnished.",https://example.com/property/509,2026-05-04T18:39:28.477141,sample,16340.066371681416,15.121910700385595,Alexandria
Studio in Giza,308082,41,0,1,Studio,Unfurnished,Giza,"Beautiful studio in Giza. 0 bedrooms, 1 bathrooms, 41 sqm. Unfurnished.",https://example.com/property/510,2026-05-04T18:39:28.477144,sample,7514.195121951219,12.638124506171838,Giza
Townhouse in Giza,2179480,158,3,2,Townhouse,Unfurnished,Giza,"Beautiful townhouse in Giza. 3 bedrooms, 2 bathrooms, 158 sqm. Unfurnished.",https://example.com/property/511,2026-05-04T18:39:28.477147,sample,13794.177215189873,14.594597333026806,Giza
Duplex in New Cairo,4014403,244,4,4,Duplex,Unfurnished,New Cairo,"Beautiful duplex in New Cairo. 4 bedrooms, 4 bathrooms, 244 sqm. Unfurnished.",https://example.com/property/512,2026-05-04T18:39:28.477150,sample,16452.47131147541,15.205399451006713,Cairo
Studio in Alexandria,285865,31,0,1,Studio,Unfurnished,Alexandria,"Beautiful studio in Alexandria. 0 bedrooms, 1 bathrooms, 31 sqm. Unfurnished.",https://example.com/property/513,2026-05-04T18:39:28.477153,sample,9221.451612903225,12.563278448538293,Alexandria
Villa in Giza,4296764,256,3,4,Villa,Unfurnished,Giza,"Beautiful villa in Giza. 3 bedrooms, 4 bathrooms, 256 sqm. Unfurnished.",https://example.com/property/514,2026-05-04T18:39:28.477156,sample,16784.234375,15.273372971943488,Giza
Apartment in 6th October,2434414,172,3,4,Apartment,Unfurnished,6th October,"Beautiful apartment in 6th October. 3 bedrooms, 4 bathrooms, 172 sqm. Unfurnished.",https://example.com/property/515,2026-05-04T18:39:28.477166,sample,14153.56976744186,14.705217039228465,6th October
Villa in Sheikh Zayed,7234956,224,6,7,Villa,Unfurnished,Sheikh Zayed,"Beautiful villa in Sheikh Zayed. 6 bedrooms, 7 bathrooms, 224 sqm. Unfurnished.",https://example.com/property/516,2026-05-04T18:39:28.477170,sample,32298.910714285714,15.79443497469903,Sheikh Zayed
Villa in New Cairo,9560667,313,5,6,Villa,Unfurnished,New Cairo,"Beautiful villa in New Cairo. 5 bedrooms, 6 bathrooms, 313 sqm. Unfurnished.",https://example.com/property/517,2026-05-04T18:39:28.477173,sample,30545.26198083067,16.073168157063463,Cairo
Townhouse in 6th October,2827590,253,5,6,Townhouse,Unfurnished,6th October,"Beautiful townhouse in 6th October. 5 bedrooms, 6 bathrooms, 253 sqm. Unfurnished.",https://example.com/property/518,2026-05-04T18:39:28.477176,sample,11176.245059288538,14.854935670362568,6th October
Villa in Cairo,5080130,398,3,4,Villa,Unfurnished,Cairo,"Beautiful villa in Cairo. 3 bedrooms, 4 bathrooms, 398 sqm. Unfurnished.",https://example.com/property/519,2026-05-04T18:39:28.477179,sample,12764.145728643216,15.44084760662375,Cairo
Townhouse in Alexandria,2575377,228,3,2,Townhouse,Furnished,Alexandria,"Beautiful townhouse in Alexandria. 3 bedrooms, 2 bathrooms, 228 sqm. Furnished.",https://example.com/property/520,2026-05-04T18:39:28.477183,sample,11295.513157894737,14.761506877422983,Alexandria
Duplex in Sheikh Zayed,4186782,157,4,3,Duplex,Unfurnished,Sheikh Zayed,"Beautiful duplex in Sheikh Zayed. 4 bedrooms, 3 bathrooms, 157 sqm. Unfurnished.",https://example.com/property/521,2026-05-04T18:39:28.477187,sample,26667.40127388535,15.24744321657438,Sheikh Zayed
Townhouse in Alexandria,2364550,250,2,1,Townhouse,Furnished,Alexandria,"Beautiful townhouse in Alexandria. 2 bedrooms, 1 bathrooms, 250 sqm. Furnished.",https://example.com/property/522,2026-05-04T18:39:28.477190,sample,9458.2,14.67609870987554,Alexandria
Duplex in Alexandria,2509109,126,3,4,Duplex,Furnished,Alexandria,"Beautiful duplex in Alexandria. 3 bedrooms, 4 bathrooms, 126 sqm. Furnished.",https://example.com/property/523,2026-05-04T18:39:28.477193,sample,19913.56349206349,14.735438666555714,Alexandria
Apartment in Sheikh Zayed,2314521,133,2,1,Apartment,Semi-furnished,Sheikh Zayed,"Beautiful apartment in Sheikh Zayed. 2 bedrooms, 1 bathrooms, 133 sqm. Semi-furnished.",https://example.com/property/524,2026-05-04T18:39:28.477196,sample,17402.413533834588,14.654713744701008,Sheikh Zayed
Apartment in Alexandria,2502923,139,3,4,Apartment,Semi-furnished,Alexandria,"Beautiful apartment in Alexandria. 3 bedrooms, 4 bathrooms, 139 sqm. Semi-furnished.",https://example.com/property/525,2026-05-04T18:39:28.477201,sample,18006.640287769784,14.732970206389206,Alexandria
Townhouse in New Cairo,2981273,155,4,2,Townhouse,Furnished,New Cairo,"Beautiful townhouse in New Cairo. 4 bedrooms, 2 bathrooms, 155 sqm. Furnished.",https://example.com/property/526,2026-05-04T18:39:28.477204,sample,19234.01935483871,14.90786128390085,Cairo
Apartment in Alexandria,1486663,121,3,1,Apartment,Semi-furnished,Alexandria,"Beautiful apartment in Alexandria. 3 bedrooms, 1 bathrooms, 121 sqm. Semi-furnished.",https://example.com/property/527,2026-05-04T18:39:28.477207,sample,12286.471074380166,14.212045241604555,Alexandria
Apartment in Sheikh Zayed,1942151,188,1,1,Apartment,Unfurnished,Sheikh Zayed,"Beautiful apartment in Sheikh Zayed. 1 bedrooms, 1 bathrooms, 188 sqm. Unfurnished.",https://example.com/property/528,2026-05-04T18:39:28.477211,sample,10330.590425531915,14.479307194595407,Sheikh Zayed
Studio in Giza,611445,54,0,1,Studio,Furnished,Giza,"Beautiful studio in Giza. 0 bedrooms, 1 bathrooms, 54 sqm. Furnished.",https://example.com/property/529,2026-05-04T18:39:28.477213,sample,11323.055555555555,13.323581922769312,Giza
Apartment in Cairo,1414206,68,4,4,Apartment,Unfurnished,Cairo,"Beautiful apartment in Cairo. 4 bedrooms, 4 bathrooms, 68 sqm. Unfurnished.",https://example.com/property/530,2026-05-04T18:39:28.477216,sample,20797.147058823528,14.162079507934964,Cairo
Duplex in New Cairo,4122069,231,2,1,Duplex,Furnished,New Cairo,"Beautiful duplex in New Cairo. 2 bedrooms, 1 bathrooms, 231 sqm. Furnished.",https://example.com/property/531,2026-05-04T18:39:28.477220,sample,17844.454545454544,15.231866022335899,Cairo
Villa in Giza,6263305,391,4,5,Villa,Semi-furnished,Giza,"Beautiful villa in Giza. 4 bedrooms, 5 bathrooms, 391 sqm. Semi-furnished.",https://example.com/property/532,2026-05-04T18:39:28.477223,sample,16018.682864450127,15.650218718688599,Giza
Townhouse in Giza,3172415,219,3,4,Townhouse,Furnished,Giza,"Beautiful townhouse in Giza. 3 bedrooms, 4 bathrooms, 219 sqm. Furnished.",https://example.com/property/533,2026-05-04T18:39:28.477227,sample,14485.913242009132,14.970004000678772,Giza
Duplex in Cairo,3314991,237,3,2,Duplex,Semi-furnished,Cairo,"Beautiful duplex in Cairo. 3 bedrooms, 2 bathrooms, 237 sqm. Semi-furnished.",https://example.com/property/534,2026-05-04T18:39:28.477231,sample,13987.303797468354,15.013965768326187,Cairo
Villa in New Cairo,6363269,286,5,5,Villa,Semi-furnished,New Cairo,"Beautiful villa in New Cairo. 5 bedrooms, 5 bathrooms, 286 sqm. Semi-furnished.",https://example.com/property/535,2026-05-04T18:39:28.477235,sample,22249.19230769231,15.666052954129393,Cairo
Duplex in 6th October,2652764,192,2,2,Duplex,Semi-furnished,6th October,"Beautiful duplex in 6th October. 2 bedrooms, 2 bathrooms, 192 sqm. Semi-furnished.",https://example.com/property/536,2026-05-04T18:39:28.477238,sample,13816.479166666666,14.791113050229322,6th October
Studio in Cairo,557854,47,0,1,Studio,Furnished,Cairo,"Beautiful studio in Cairo. 0 bedrooms, 1 bathrooms, 47 sqm. Furnished.",https://example.com/property/537,2026-05-04T18:39:28.477241,sample,11869.234042553191,13.231854350964039,Cairo
Apartment in Giza,1728284,115,2,3,Apartment,Furnished,Giza,"Beautiful apartment in Giza. 2 bedrooms, 3 bathrooms, 115 sqm. Furnished.",https://example.com/property/538,2026-05-04T18:39:28.477244,sample,15028.55652173913,14.362640145302144,Giza
Townhouse in Cairo,1950005,165,2,3,Townhouse,Furnished,Cairo,"Beautiful townhouse in Cairo. 2 bedrooms, 3 bathrooms, 165 sqm. Furnished.",https://example.com/property/539,2026-05-04T18:39:28.477248,sample,11818.212121212122,14.483343007458272,Cairo
Duplex in Cairo,2145788,161,3,4,Duplex,Unfurnished,Cairo,"Beautiful duplex in Cairo. 3 bedrooms, 4 bathrooms, 161 sqm. Unfurnished.",https://example.com/property/540,2026-05-04T18:39:28.477251,sample,13327.875776397515,14.579017874878419,Cairo
Studio in New Cairo,487523,39,0,1,Studio,Furnished,New Cairo,"Beautiful studio in New Cairo. 0 bedrooms, 1 bathrooms, 39 sqm. Furnished.",https://example.com/property/541,2026-05-04T18:39:28.477254,sample,12500.589743589744,13.097094798977475,Cairo
Apartment in 6th October,1974029,190,1,1,Apartment,Furnished,6th October,"Beautiful apartment in 6th October. 1 bedrooms, 1 bathrooms, 190 sqm. Furnished.",https://example.com/property/542,2026-05-04T18:39:28.477257,sample,10389.626315789474,14.495587696428471,6th October
Studio in Giza,359162,45,0,1,Studio,Unfurnished,Giza,"Beautiful studio in Giza. 0 bedrooms, 1 bathrooms, 45 sqm. Unfurnished.",https://example.com/property/543,2026-05-04T18:39:28.477259,sample,7981.377777777778,12.791531603423115,Giza
Apartment in Cairo,2024673,139,1,1,Apartment,Furnished,Cairo,"Beautiful apartment in Cairo. 1 bedrooms, 1 bathrooms, 139 sqm. Furnished.",https://example.com/property/544,2026-05-04T18:39:28.477263,sample,14565.992805755395,14.520919257908552,Cairo
Studio in New Cairo,463082,30,0,1,Studio,Furnished,New Cairo,"Beautiful studio in New Cairo. 0 bedrooms, 1 bathrooms, 30 sqm. Furnished.",https://example.com/property/545,2026-05-04T18:39:28.477267,sample,15436.066666666668,13.04566158266095,Cairo
Studio in 6th October,654539,59,0,1,Studio,Furnished,6th October,"Beautiful studio in 6th October. 0 bedrooms, 1 bathrooms, 59 sqm. Furnished.",https://example.com/property/546,2026-05-04T18:39:28.477271,sample,11093.881355932202,13.391687977819858,6th October
Villa in Sheikh Zayed,5111550,170,3,3,Villa,Unfurnished,Sheikh Zayed,"Beautiful villa in Sheikh Zayed. 3 bedrooms, 3 bathrooms, 170 sqm. Unfurnished.",https://example.com/property/547,2026-05-04T18:39:28.477274,sample,30067.941176470587,15.447013438631142,Sheikh Zayed
Apartment in Sheikh Zayed,2407296,161,2,1,Apartment,Unfurnished,Sheikh Zayed,"Beautiful apartment in Sheikh Zayed. 2 bedrooms, 1 bathrooms, 161 sqm. Unfurnished.",https://example.com/property/548,2026-05-04T18:39:28.477278,sample,14952.149068322982,14.694015099265448,Sheikh Zayed
Studio in Alexandria,764261,59,0,1,Studio,Furnished,Alexandria,"Beautiful studio in Alexandria. 0 bedrooms, 1 bathrooms, 59 sqm. Furnished.",https://example.com/property/549,2026-05-04T18:39:28.477281,sample,12953.57627118644,13.546665941298114,Alexandria
Villa in Giza,6790433,352,6,4,Villa,Unfurnished,Giza,"Beautiful villa in Giza. 6 bedrooms, 4 bathrooms, 352 sqm. Unfurnished.",https://example.com/property/550,2026-05-04T18:39:28.477285,sample,19291.002840909092,15.731025415018014,Giza
Apartment in 6th October,1388070,130,2,1,Apartment,Furnished,6th October,"Beautiful apartment in 6th October. 2 bedrooms, 1 bathrooms, 130 sqm. Furnished.",https://example.com/property/551,2026-05-04T18:39:28.477288,sample,10677.461538461539,14.143425571478382,6th October
Studio in New Cairo,622841,52,0,1,Studio,Unfurnished,New Cairo,"Beautiful studio in New Cairo. 0 bedrooms, 1 bathrooms, 52 sqm. Unfurnished.",https://example.com/property/552,2026-05-04T18:39:28.477291,sample,11977.711538461539,13.342048154047758,Cairo
Duplex in 6th October,2849749,174,2,1,Duplex,Semi-furnished,6th October,"Beautiful duplex in 6th October. 2 bedrooms, 1 bathrooms, 174 sqm. Semi-furnished.",https://example.com/property/553,2026-05-04T18:39:28.477294,sample,16377.867816091954,14.862741829099026,6th October
Duplex in New Cairo,2743584,122,2,3,Duplex,Furnished,New Cairo,"Beautiful duplex in New Cairo. 2 bedrooms, 3 bathrooms, 122 sqm. Furnished.",https://example.com/property/554,2026-05-04T18:39:28.477297,sample,22488.39344262295,14.824776017323076,Cairo
Villa in Alexandria,5501683,256,4,4,Villa,Semi-furnished,Alexandria,"Beautiful villa in Alexandria. 4 bedrooms, 4 bathrooms, 256 sqm. Semi-furnished.",https://example.com/property/555,2026-05-04T18:39:28.477302,sample,21490.94921875,15.520564785156793,Alexandria
Apartment in 6th October,2152527,102,4,4,Apartment,Furnished,6th October,"Beautiful apartment in 6th October. 4 bedrooms, 4 bathrooms, 102 sqm. Furnished.",https://example.com/property/556,2026-05-04T18:39:28.477305,sample,21103.20588235294,14.582153523329499,6th October
Apartment in Alexandria,1823991,113,4,3,Apartment,Furnished,Alexandria,"Beautiful apartment in Alexandria. 4 bedrooms, 3 bathrooms, 113 sqm. Furnished.",https://example.com/property/557,2026-05-04T18:39:28.477308,sample,16141.513274336283,14.416538063641884,Alexandria
Townhouse in Giza,2297190,177,2,1,Townhouse,Furnished,Giza,"Beautiful townhouse in Giza. 2 bedrooms, 1 bathrooms, 177 sqm. Furnished.",https://example.com/property/558,2026-05-04T18:39:28.477312,sample,12978.474576271186,14.647197630151615,Giza
Apartment in 6th October,1948474,164,4,5,Apartment,Unfurnished,6th October,"Beautiful apartment in 6th October. 4 bedrooms, 5 bathrooms, 164 sqm. Unfurnished.",https://example.com/property/559,2026-05-04T18:39:28.477315,sample,11880.939024390244,14.482557573296246,6th October
Townhouse in Giza,2208993,168,2,2,Townhouse,Furnished,Giza,"Beautiful townhouse in Giza. 2 bedrooms, 2 bathrooms, 168 sqm. Furnished.",https://example.com/property/560,2026-05-04T18:39:28.477319,sample,13148.767857142857,14.608047766237407,Giza
Duplex in Giza,2398209,145,4,2,Duplex,Semi-furnished,Giza,"Beautiful duplex in Giza. 4 bedrooms, 2 bathrooms, 145 sqm. Semi-furnished.",https://example.com/property/561,2026-05-04T18:39:28.477323,sample,16539.372413793102,14.690233183712788,Giza
Apartment in Sheikh Zayed,1408631,104,1,1,Apartment,Unfurnished,Sheikh Zayed,"Beautiful apartment in Sheikh Zayed. 1 bedrooms, 1 bathrooms, 104 sqm. Unfurnished.",https://example.com/property/562,2026-05-04T18:39:28.477326,sample,13544.528846153846,14.158129578627342,Sheikh Zayed
Duplex in New Cairo,2898924,164,4,2,Duplex,Semi-furnished,New Cairo,"Beautiful duplex in New Cairo. 4 bedrooms, 2 bathrooms, 164 sqm. Semi-furnished.",https://example.com/property/563,2026-05-04T18:39:28.477329,sample,17676.365853658535,14.879850536579136,Cairo
Duplex in Sheikh Zayed,2644688,103,4,4,Duplex,Semi-furnished,Sheikh Zayed,"Beautiful duplex in Sheikh Zayed. 4 bedrooms, 4 bathrooms, 103 sqm. Semi-furnished.",https://example.com/property/564,2026-05-04T18:39:28.477332,sample,25676.582524271846,14.788064036021161,Sheikh Zayed
Studio in New Cairo,489775,54,0,1,Studio,Semi-furnished,New Cairo,"Beautiful studio in New Cairo. 0 bedrooms, 1 bathrooms, 54 sqm. Semi-furnished.",https://example.com/property/565,2026-05-04T18:39:28.477336,sample,9069.907407407407,13.101703422708015,Cairo
Studio in 6th October,304350,32,0,1,Studio,Unfurnished,6th October,"Beautiful studio in 6th October. 0 bedrooms, 1 bathrooms, 32 sqm. Unfurnished.",https://example.com/property/566,2026-05-04T18:39:28.477339,sample,9510.9375,12.62593691960749,6th October
Studio in New Cairo,812096,52,0,1,Studio,Furnished,New Cairo,"Beautiful studio in New Cairo. 0 bedrooms, 1 bathrooms, 52 sqm. Furnished.",https://example.com/property/567,2026-05-04T18:39:28.477341,sample,15617.23076923077,13.60737507013734,Cairo
Villa in Cairo,7032442,382,6,4,Villa,Unfurnished,Cairo,"Beautiful villa in Cairo. 6 bedrooms, 4 bathrooms, 382 sqm. Unfurnished.",https://example.com/property/568,2026-05-04T18:39:28.477345,sample,18409.534031413612,15.766044714087563,Cairo
Studio in Cairo,451258,41,0,1,Studio,Furnished,Cairo,"Beautiful studio in Cairo. 0 bedrooms, 1 bathrooms, 41 sqm. Furnished.",https://example.com/property/569,2026-05-04T18:39:28.477348,sample,11006.292682926829,13.019796733028675,Cairo
Duplex in 6th October,1715721,108,3,4,Duplex,Semi-furnished,6th October,"Beautiful duplex in 6th October. 3 bedrooms, 4 bathrooms, 108 sqm. Semi-furnished.",https://example.com/property/570,2026-05-04T18:39:28.477351,sample,15886.305555555555,14.355344541243868,6th October
Studio in Alexandria,530806,44,0,1,Studio,Semi-furnished,Alexandria,"Beautiful studio in Alexandria. 0 bedrooms, 1 bathrooms, 44 sqm. Semi-furnished.",https://example.com/property/571,2026-05-04T18:39:28.477354,sample,12063.772727272728,13.18215376899453,Alexandria
Townhouse in Giza,2145457,236,2,2,Townhouse,Unfurnished,Giza,"Beautiful townhouse in Giza. 2 bedrooms, 2 bathrooms, 236 sqm. Unfurnished.",https://example.com/property/572,2026-05-04T18:39:28.477357,sample,9090.919491525423,14.578863607365664,Giza
Studio in 6th October,351378,46,0,1,Studio,Furnished,6th October,"Beautiful studio in 6th October. 0 bedrooms, 1 bathrooms, 46 sqm. Furnished.",https://example.com/property/573,2026-05-04T18:39:28.477360,sample,7638.652173913043,12.769620691993202,6th October
Studio in Alexandria,381646,36,0,1,Studio,Unfurnished,Alexandria,"Beautiful studio in Alexandria. 0 bedrooms, 1 bathrooms, 36 sqm. Unfurnished.",https://example.com/property/574,2026-05-04T18:39:28.477363,sample,10601.277777777777,12.852251376590456,Alexandria
Townhouse in Alexandria,3027456,280,3,2,Townhouse,Furnished,Alexandria,"Beautiful townhouse in Alexandria. 3 bedrooms, 2 bathrooms, 280 sqm. Furnished.",https://example.com/property/575,2026-05-04T18:39:28.477367,sample,10812.342857142858,14.923233551170616,Alexandria
Studio in 6th October,419643,47,0,1,Studio,Semi-furnished,6th October,"Beautiful studio in 6th October. 0 bedrooms, 1 bathrooms, 47 sqm. Semi-furnished.",https://example.com/property/576,2026-05-04T18:39:28.477369,sample,8928.574468085106,12.947162011779785,6th October
Duplex in New Cairo,3350109,196,3,1,Duplex,Unfurnished,New Cairo,"Beautiful duplex in New Cairo. 3 bedrooms, 1 bathrooms, 196 sqm. Unfurnished.",https://example.com/property/577,2026-05-04T18:39:28.477373,sample,17092.39285714286,15.02450373908306,Cairo
Villa in Sheikh Zayed,7192404,303,3,1,Villa,Furnished,Sheikh Zayed,"Beautiful villa in Sheikh Zayed. 3 bedrooms, 1 bathrooms, 303 sqm. Furnished.",https://example.com/property/578,2026-05-04T18:39:28.477376,sample,23737.30693069307,15.788536166117622,Sheikh Zayed
Villa in 6th October,6163118,265,6,4,Villa,Furnished,6th October,"Beautiful villa in 6th October. 6 bedrooms, 4 bathrooms, 265 sqm. Furnished.",https://example.com/property/579,2026-05-04T18:39:28.477379,sample,23257.049056603773,15.634093538536161,6th October
Duplex in Alexandria,4532419,172,4,4,Duplex,Furnished,Alexandria,"Beautiful duplex in Alexandria. 4 bedrooms, 4 bathrooms, 172 sqm. Furnished.",https://example.com/property/580,2026-05-04T18:39:28.477382,sample,26351.273255813954,15.32676657115201,Alexandria
Townhouse in New Cairo,3601645,237,3,2,Townhouse,Semi-furnished,New Cairo,"Beautiful townhouse in New Cairo. 3 bedrooms, 2 bathrooms, 237 sqm. Semi-furnished.",https://example.com/property/581,2026-05-04T18:39:28.477386,sample,15196.814345991561,15.096901521154331,Cairo
Villa in Sheikh Zayed,11293138,344,6,7,Villa,Semi-furnished,Sheikh Zayed,"Beautiful villa in Sheikh Zayed. 6 bedrooms, 7 bathrooms, 344 sqm. Semi-furnished.",https://example.com/property/582,2026-05-04T18:39:28.477389,sample,32828.88953488372,16.239705931139756,Sheikh Zayed
Apartment in Cairo,1736246,77,3,4,Apartment,Furnished,Cairo,"Beautiful apartment in Cairo. 3 bedrooms, 4 bathrooms, 77 sqm. Furnished.",https://example.com/property/583,2026-05-04T18:39:28.477393,sample,22548.64935064935,14.367236445187427,Cairo
Duplex in Sheikh Zayed,3250549,142,3,4,Duplex,Semi-furnished,Sheikh Zayed,"Beautiful duplex in Sheikh Zayed. 3 bedrooms, 4 bathrooms, 142 sqm. Semi-furnished.",https://example.com/property/584,2026-05-04T18:39:28.477396,sample,22891.190140845072,14.99433477075724,Sheikh Zayed
Townhouse in New Cairo,5243466,266,4,3,Townhouse,Furnished,New Cairo,"Beautiful townhouse in New Cairo. 4 bedrooms, 3 bathrooms, 266 sqm. Furnished.",https://example.com/property/585,2026-05-04T18:39:28.477400,sample,19712.27819548872,15.472493478730547,Cairo
Villa in Cairo,4458896,187,6,4,Villa,Unfurnished,Cairo,"Beautiful villa in Cairo. 6 bedrooms, 4 bathrooms, 187 sqm. Unfurnished.",https://example.com/property/586,2026-05-04T18:39:28.477404,sample,23844.363636363636,15.31041198399319,Cairo
Villa in Giza,6178435,377,5,4,Villa,Semi-furnished,Giza,"Beautiful villa in Giza. 5 bedrooms, 4 bathrooms, 377 sqm. Semi-furnished.",https://example.com/property/587,2026-05-04T18:39:28.477408,sample,16388.42175066313,15.636575722971479,Giza
Duplex in 6th October,2473067,128,2,2,Duplex,Semi-furnished,6th October,"Beautiful duplex in 6th October. 2 bedrooms, 2 bathrooms, 128 sqm. Semi-furnished.",https://example.com/property/588,2026-05-04T18:39:28.477411,sample,19320.8359375,14.720970043092764,6th October
Apartment in Alexandria,1601578,170,1,1,Apartment,Unfurnished,Alexandria,"Beautiful apartment in Alexandria. 1 bedrooms, 1 bathrooms, 170 sqm. Unfurnished.",https://example.com/property/589,2026-05-04T18:39:28.477414,sample,9421.04705882353,14.28650057556902,Alexandria
Duplex in 6th October,1631460,114,3,1,Duplex,Semi-furnished,6th October,"Beautiful duplex in 6th October. 3 bedrooms, 1 bathrooms, 114 sqm. Semi-furnished.",https://example.com/property/590,2026-05-04T18:39:28.477417,sample,14311.052631578947,14.304986490347328,6th October
Villa in New Cairo,7819610,248,3,3,Villa,Furnished,New Cairo,"Beautiful villa in New Cairo. 3 bedrooms, 3 bathrooms, 248 sqm. Furnished.",https://example.com/property/591,2026-05-04T18:39:28.477421,sample,31530.685483870966,15.872145367038684,Cairo
Townhouse in Sheikh Zayed,1949016,140,2,2,Townhouse,Semi-furnished,Sheikh Zayed,"Beautiful townhouse in Sheikh Zayed. 2 bedrooms, 2 bathrooms, 140 sqm. Semi-furnished.",https://example.com/property/592,2026-05-04T18:39:28.477424,sample,13921.542857142857,14.482835700873412,Sheikh Zayed
Studio in Alexandria,401485,39,0,1,Studio,Unfurnished,Alexandria,"Beautiful studio in Alexandria. 0 bedrooms, 1 bathrooms, 39 sqm. Unfurnished.",https://example.com/property/593,2026-05-04T18:39:28.477427,sample,10294.48717948718,12.902927942520659,Alexandria
Apartment in Sheikh Zayed,1139813,85,1,1,Apartment,Furnished,Sheikh Zayed,"Beautiful apartment in Sheikh Zayed. 1 bedrooms, 1 bathrooms, 85 sqm. Furnished.",https://example.com/property/594,2026-05-04T18:39:28.477431,sample,13409.564705882352,13.946375649164244,Sheikh Zayed
Duplex in Giza,2902823,180,2,2,Duplex,Semi-furnished,Giza,"Beautiful duplex in Giza. 2 bedrooms, 2 bathrooms, 180 sqm. Semi-furnished.",https://example.com/property/595,2026-05-04T18:39:28.477435,sample,16126.794444444444,14.881194614231228,Giza
Townhouse in Alexandria,5518261,299,5,5,Townhouse,Furnished,Alexandria,"Beautiful townhouse in Alexandria. 5 bedrooms, 5 bathrooms, 299 sqm. Furnished.",https://example.com/property/596,2026-05-04T18:39:28.477438,sample,18455.722408026755,15.52357351360355,Alexandria
Studio in Sheikh Zayed,446699,60,0,1,Studio,Unfurnished,Sheikh Zayed,"Beautiful studio in Sheikh Zayed. 0 bedrooms, 1 bathrooms, 60 sqm. Unfurnished.",https://example.com/property/597,2026-05-04T18:39:28.477441,sample,7444.983333333334,13.00964250734021,Sheikh Zayed
Duplex in New Cairo,3991964,152,3,4,Duplex,Furnished,New Cairo,"Beautiful duplex in New Cairo. 3 bedrooms, 4 bathrooms, 152 sqm. Furnished.",https://example.com/property/598,2026-05-04T18:39:28.477444,sample,26262.92105263158,15.199794148839986,Cairo
Studio in Alexandria,388015,46,0,1,Studio,Semi-furnished,Alexandria,"Beautiful studio in Alexandria. 0 bedrooms, 1 bathrooms, 46 sqm. Semi-furnished.",https://example.com/property/599,2026-05-04T18:39:28.477446,sample,8435.108695652174,12.868801854868586,Alexandria
Villa in Giza,5289829,248,4,3,Villa,Furnished,Giza,"Beautiful villa in Giza. 4 bedrooms, 3 bathrooms, 248 sqm. Furnished.",https://example.com/property/600,2026-05-04T18:39:28.477450,sample,21329.95564516129,15.481296667212247,Giza
Studio in Alexandria,630233,58,0,1,Studio,Semi-furnished,Alexandria,"Beautiful studio in Alexandria. 0 bedrooms, 1 bathrooms, 58 sqm. Semi-furnished.",https://example.com/property/601,2026-05-04T18:39:28.477453,sample,10866.086206896553,13.353846457976628,Alexandria
Studio in Alexandria,399022,34,0,1,Studio,Unfurnished,Alexandria,"Beautiful studio in Alexandria. 0 bedrooms, 1 bathrooms, 34 sqm. Unfurnished.",https://example.com/property/602,2026-05-04T18:39:28.477456,sample,11735.941176470587,12.896774338320919,Alexandria
Studio in 6th October,408669,42,0,1,Studio,Furnished,6th October,"Beautiful studio in 6th October. 0 bedrooms, 1 bathrooms, 42 sqm. Furnished.",https://example.com/property/603,2026-05-04T18:39:28.477459,sample,9730.214285714286,12.920663263383771,6th October
Villa in Cairo,4753489,267,4,3,Villa,Semi-furnished,Cairo,"Beautiful villa in Cairo. 4 bedrooms, 3 bathrooms, 267 sqm. Semi-furnished.",https://example.com/property/604,2026-05-04T18:39:28.477462,sample,17803.32958801498,15.374389643065955,Cairo
Apartment in Giza,1305945,110,1,1,Apartment,Unfurnished,Giza,"Beautiful apartment in Giza. 1 bedrooms, 1 bathrooms, 110 sqm. Unfurnished.",https://example.com/property/605,2026-05-04T18:39:28.477466,sample,11872.227272727272,14.082438240337337,Giza
Apartment in Cairo,1371358,98,1,1,Apartment,Unfurnished,Cairo,"Beautiful apartment in Cairo. 1 bedrooms, 1 bathrooms, 98 sqm. Unfurnished.",https://example.com/property/606,2026-05-04T18:39:28.477469,sample,13993.448979591836,14.131312776929317,Cairo
Studio in Giza,276635,31,0,1,Studio,Unfurnished,Giza,"Beautiful studio in Giza. 0 bedrooms, 1 bathrooms, 31 sqm. Unfurnished.",https://example.com/property/607,2026-05-04T18:39:28.477472,sample,8923.709677419354,12.530457841587596,Giza
Duplex in Alexandria,2299256,124,3,4,Duplex,Semi-furnished,Alexandria,"Beautiful duplex in Alexandria. 3 bedrooms, 4 bathrooms, 124 sqm. Semi-furnished.",https://example.com/property/608,2026-05-04T18:39:28.477475,sample,18542.387096774193,14.648096585231333,Alexandria
Studio in Sheikh Zayed,376506,36,0,1,Studio,Semi-furnished,Sheikh Zayed,"Beautiful studio in Sheikh Zayed. 0 bedrooms, 1 bathrooms, 36 sqm. Semi-furnished.",https://example.com/property/609,2026-05-04T18:39:28.477478,sample,10458.5,12.838691918346727,Sheikh Zayed
Apartment in Alexandria,2038995,110,3,3,Apartment,Semi-furnished,Alexandria,"Beautiful apartment in Alexandria. 3 bedrooms, 3 bathrooms, 110 sqm. Semi-furnished.",https://example.com/property/610,2026-05-04T18:39:28.477481,sample,18536.31818181818,14.527968087808715,Alexandria
Studio in Sheikh Zayed,624300,57,0,1,Studio,Furnished,Sheikh Zayed,"Beautiful studio in Sheikh Zayed. 0 bedrooms, 1 bathrooms, 57 sqm. Furnished.",https://example.com/property/611,2026-05-04T18:39:28.477485,sample,10952.631578947368,13.344387902842563,Sheikh Zayed
Duplex in Alexandria,2667560,195,2,2,Duplex,Furnished,Alexandria,"Beautiful duplex in Alexandria. 2 bedrooms, 2 bathrooms, 195 sqm. Furnished.",https://example.com/property/612,2026-05-04T18:39:28.477488,sample,13679.794871794871,14.796675129750376,Alexandria
Studio in New Cairo,556928,42,0,1,Studio,Furnished,New Cairo,"Beautiful studio in New Cairo. 0 bedrooms, 1 bathrooms, 42 sqm. Furnished.",https://example.com/property/613,2026-05-04T18:39:28.477491,sample,13260.190476190477,13.230193042202924,Cairo
Apartment in Giza,1935558,96,4,4,Apartment,Semi-furnished,Giza,"Beautiful apartment in Giza. 4 bedrooms, 4 bathrooms, 96 sqm. Semi-furnished.",https://example.com/property/614,2026-05-04T18:39:28.477494,sample,20162.0625,14.475906731614549,Giza
Townhouse in Giza,4524437,256,5,5,Townhouse,Semi-furnished,Giza,"Beautiful townhouse in Giza. 5 bedrooms, 5 bathrooms, 256 sqm. Semi-furnished.",https://example.com/property/615,2026-05-04T18:39:28.477498,sample,17673.58203125,15.325003928507815,Giza
Apartment in Sheikh Zayed,2416270,136,2,3,Apartment,Semi-furnished,Sheikh Zayed,"Beautiful apartment in Sheikh Zayed. 2 bedrooms, 3 bathrooms, 136 sqm. Semi-furnished.",https://example.com/property/616,2026-05-04T18:39:28.477502,sample,17766.691176470587,14.697736000620557,Sheikh Zayed
Townhouse in Giza,2424719,189,4,3,Townhouse,Unfurnished,Giza,"Beautiful townhouse in Giza. 4 bedrooms, 3 bathrooms, 189 sqm. Unfurnished.",https://example.com/property/617,2026-05-04T18:39:28.477505,sample,12829.201058201059,14.701226611769723,Giza
Duplex in Giza,3823329,213,4,3,Duplex,Semi-furnished,Giza,"Beautiful duplex in Giza. 4 bedrooms, 3 bathrooms, 213 sqm. Semi-furnished.",https://example.com/property/618,2026-05-04T18:39:28.477508,sample,17949.901408450703,15.156632328597482,Giza
Studio in Alexandria,506471,45,0,1,Studio,Furnished,Alexandria,"Beautiful studio in Alexandria. 0 bedrooms, 1 bathrooms, 45 sqm. Furnished.",https://example.com/property/619,2026-05-04T18:39:28.477511,sample,11254.91111111111,13.135224319800258,Alexandria
Apartment in 6th October,1069973,106,1,2,Apartment,Semi-furnished,6th October,"Beautiful apartment in 6th October. 1 bedrooms, 2 bathrooms, 106 sqm. Semi-furnished.",https://example.com/property/620,2026-05-04T18:39:28.477514,sample,10094.084905660377,13.88314490707744,6th October
Duplex in Giza,2857075,131,4,4,Duplex,Unfurnished,Giza,"Beautiful duplex in Giza. 4 bedrooms, 4 bathrooms, 131 sqm. Unfurnished.",https://example.com/property/621,2026-05-04T18:39:28.477517,sample,21809.73282442748,14.865309282189168,Giza
Studio in Alexandria,667405,53,0,1,Studio,Semi-furnished,Alexandria,"Beautiful studio in Alexandria. 0 bedrooms, 1 bathrooms, 53 sqm. Semi-furnished.",https://example.com/property/622,2026-05-04T18:39:28.477520,sample,12592.547169811322,13.411153835369879,Alexandria
Studio in Giza,411708,41,0,1,Studio,Furnished,Giza,"Beautiful studio in Giza. 0 bedrooms, 1 bathrooms, 41 sqm. Furnished.",https://example.com/property/623,2026-05-04T18:39:28.477522,sample,10041.658536585366,12.928072068097148,Giza
Apartment in 6th October,2386026,187,4,3,Apartment,Semi-furnished,6th October,"Beautiful apartment in 6th October. 4 bedrooms, 3 bathrooms, 187 sqm. Semi-furnished.",https://example.com/property/624,2026-05-04T18:39:28.477526,sample,12759.497326203209,14.685140197586032,6th October
Studio in Cairo,351581,40,0,1,Studio,Semi-furnished,Cairo,"Beautiful studio in Cairo. 0 bedrooms, 1 bathrooms, 40 sqm. Semi-furnished.",https://example.com/property/625,2026-05-04T18:39:28.477529,sample,8789.525,12.770198248943425,Cairo
Studio in Cairo,319030,40,0,1,Studio,Semi-furnished,Cairo,"Beautiful studio in Cairo. 0 bedrooms, 1 bathrooms, 40 sqm. Semi-furnished.",https://example.com/property/626,2026-05-04T18:39:28.477532,sample,7975.75,12.673043555728825,Cairo
Townhouse in Giza,2115756,199,3,3,Townhouse,Semi-furnished,Giza,"Beautiful townhouse in Giza. 3 bedrooms, 3 bathrooms, 199 sqm. Semi-furnished.",https://example.com/property/627,2026-05-04T18:39:28.477535,sample,10631.939698492462,14.564923226046316,Giza
Apartment in Cairo,2980672,160,4,5,Apartment,Furnished,Cairo,"Beautiful apartment in Cairo. 4 bedrooms, 5 bathrooms, 160 sqm. Furnished.",https://example.com/property/628,2026-05-04T18:39:28.477538,sample,18629.2,14.90765967190999,Cairo
Townhouse in Giza,3225652,210,3,3,Townhouse,Furnished,Giza,"Beautiful townhouse in Giza. 3 bedrooms, 3 bathrooms, 210 sqm. Furnished.",https://example.com/property/629,2026-05-04T18:39:28.477541,sample,15360.247619047619,14.986645968335731,Giza
Studio in Cairo,384476,35,0,1,Studio,Unfurnished,Cairo,"Beautiful studio in Cairo. 0 bedrooms, 1 bathrooms, 35 sqm. Unfurnished.",https://example.com/property/630,2026-05-04T18:39:28.477543,sample,10985.028571428571,12.859639248193288,Cairo
Apartment in New Cairo,2308860,121,2,3,Apartment,Semi-furnished,New Cairo,"Beautiful apartment in New Cairo. 2 bedrooms, 3 bathrooms, 121 sqm. Semi-furnished.",https://example.com/property/631,2026-05-04T18:39:28.477546,sample,19081.487603305784,14.652264887304145,Cairo
Duplex in Giza,3672578,190,3,3,Duplex,Unfurnished,Giza,"Beautiful duplex in Giza. 3 bedrooms, 3 bathrooms, 190 sqm. Unfurnished.",https://example.com/property/632,2026-05-04T18:39:28.477549,sample,19329.35789473684,15.116404698030937,Giza
Townhouse in New Cairo,2525439,208,3,1,Townhouse,Semi-furnished,New Cairo,"Beautiful townhouse in New Cairo. 3 bedrooms, 1 bathrooms, 208 sqm. Semi-furnished.",https://example.com/property/633,2026-05-04T18:39:28.477552,sample,12141.533653846154,14.741925862936279,Cairo
Townhouse in Alexandria,1708957,124,2,3,Townhouse,Unfurnished,Alexandria,"Beautiful townhouse in Alexandria. 2 bedrooms, 3 bathrooms, 124 sqm. Unfurnished.",https://example.com/property/634,2026-05-04T18:39:28.477557,sample,13781.911290322581,14.35139438602043,Alexandria
Apartment in Alexandria,2145406,92,4,3,Apartment,Semi-furnished,Alexandria,"Beautiful apartment in Alexandria. 4 bedrooms, 3 bathrooms, 92 sqm. Semi-furnished.",https://example.com/property/635,2026-05-04T18:39:28.477561,sample,23319.630434782608,14.57883983593496,Alexandria
Apartment in Sheikh Zayed,3002690,186,2,2,Apartment,Furnished,Sheikh Zayed,"Beautiful apartment in Sheikh Zayed. 2 bedrooms, 2 bathrooms, 186 sqm. Furnished.",https://example.com/property/636,2026-05-04T18:39:28.477564,sample,16143.494623655914,14.9150194445683,Sheikh Zayed
Villa in Cairo,4234795,161,5,3,Villa,Semi-furnished,Cairo,"Beautiful villa in Cairo. 5 bedrooms, 3 bathrooms, 161 sqm. Semi-furnished.",https://example.com/property/637,2026-05-04T18:39:28.477567,sample,26303.07453416149,15.258845714896273,Cairo
Apartment in Cairo,1852964,114,4,4,Apartment,Unfurnished,Cairo,"Beautiful apartment in Cairo. 4 bedrooms, 4 bathrooms, 114 sqm. Unfurnished.",https://example.com/property/638,2026-05-04T18:39:28.477570,sample,16254.070175438597,14.43229761679985,Cairo
Townhouse in 6th October,3026520,198,3,4,Townhouse,Furnished,6th October,"Beautiful townhouse in 6th October. 3 bedrooms, 4 bathrooms, 198 sqm. Furnished.",https://example.com/property/639,2026-05-04T18:39:28.477573,sample,15285.454545454546,14.922924332997885,6th October
Duplex in 6th October,2977272,166,3,4,Duplex,Furnished,6th October,"Beautiful duplex in 6th October. 3 bedrooms, 4 bathrooms, 166 sqm. Furnished.",https://example.com/property/640,2026-05-04T18:39:28.477577,sample,17935.373493975905,14.906518338850214,6th October
Townhouse in New Cairo,2067420,178,2,2,Townhouse,Semi-furnished,New Cairo,"Beautiful townhouse in New Cairo. 2 bedrooms, 2 bathrooms, 178 sqm. Semi-furnished.",https://example.com/property/641,2026-05-04T18:39:28.477580,sample,11614.719101123595,14.541812494750914,Cairo
Townhouse in New Cairo,2393233,121,4,3,Townhouse,Semi-furnished,New Cairo,"Beautiful townhouse in New Cairo. 4 bedrooms, 3 bathrooms, 121 sqm. Semi-furnished.",https://example.com/property/642,2026-05-04T18:39:28.477583,sample,19778.785123966944,14.688156147316702,Cairo
Duplex in Alexandria,4325561,248,4,4,Duplex,Semi-furnished,Alexandria,"Beautiful duplex in Alexandria. 4 bedrooms, 4 bathrooms, 248 sqm. Semi-furnished.",https://example.com/property/643,2026-05-04T18:39:28.477586,sample,17441.77822580645,15.280052632102892,Alexandria
Apartment in Alexandria,1731741,128,1,2,Apartment,Semi-furnished,Alexandria,"Beautiful apartment in Alexandria. 1 bedrooms, 2 bathrooms, 128 sqm. Semi-furnished.",https://example.com/property/644,2026-05-04T18:39:28.477589,sample,13529.2265625,14.364638396269735,Alexandria
Duplex in Cairo,2070119,150,2,2,Duplex,Unfurnished,Cairo,"Beautiful duplex in Cairo. 2 bedrooms, 2 bathrooms, 150 sqm. Unfurnished.",https://example.com/property/645,2026-05-04T18:39:28.477593,sample,13800.793333333333,14.543117134575791,Cairo
Studio in Giza,548506,42,0,1,Studio,Furnished,Giza,"Beautiful studio in Giza. 0 bedrooms, 1 bathrooms, 42 sqm. Furnished.",https://example.com/property/646,2026-05-04T18:39:28.477596,sample,13059.666666666666,13.214955320694383,Giza
Townhouse in Sheikh Zayed,3184192,154,3,4,Townhouse,Semi-furnished,Sheikh Zayed,"Beautiful townhouse in Sheikh Zayed. 3 bedrooms, 4 bathrooms, 154 sqm. Semi-furnished.",https://example.com/property/647,2026-05-04T18:39:28.477599,sample,20676.571428571428,14.97370943968725,Sheikh Zayed
Townhouse in Cairo,2122671,224,2,2,Townhouse,Semi-furnished,Cairo,"Beautiful townhouse in Cairo. 2 bedrooms, 2 bathrooms, 224 sqm. Semi-furnished.",https://example.com/property/648,2026-05-04T18:39:28.477602,sample,9476.20982142857,14.568186230397904,Cairo
Studio in Cairo,277293,45,0,1,Studio,Unfurnished,Cairo,"Beautiful studio in Cairo. 0 bedrooms, 1 bathrooms, 45 sqm. Unfurnished.",https://example.com/property/649,2026-05-04T18:39:28.477605,sample,6162.066666666667,12.53283359415377,Cairo
Duplex in 6th October,3827320,227,3,1,Duplex,Furnished,6th October,"Beautiful duplex in 6th October. 3 bedrooms, 1 bathrooms, 227 sqm. Furnished.",https://example.com/property/650,2026-05-04T18:39:28.477608,sample,16860.44052863436,15.157675638601301,6th October
Duplex in Alexandria,4352923,163,4,2,Duplex,Semi-furnished,Alexandria,"Beautiful duplex in Alexandria. 4 bedrooms, 2 bathrooms, 163 sqm. Semi-furnished.",https://example.com/property/651,2026-05-04T18:39:28.477612,sample,26705.0490797546,15.286358361158497,Alexandria
Apartment in 6th October,1462637,159,2,2,Apartment,Semi-furnished,6th October,"Beautiful apartment in 6th October. 2 bedrooms, 2 bathrooms, 159 sqm. Semi-furnished.",https://example.com/property/652,2026-05-04T18:39:28.477615,sample,9198.974842767295,14.19575221261098,6th October
Villa in 6th October,3440894,186,5,3,Villa,Unfurnished,6th October,"Beautiful villa in 6th October. 5 bedrooms, 3 bathrooms, 186 sqm. Unfurnished.",https://example.com/property/653,2026-05-04T18:39:28.477618,sample,18499.43010752688,15.051242169928692,6th October
Townhouse in New Cairo,4181970,275,3,3,Townhouse,Semi-furnished,New Cairo,"Beautiful townhouse in New Cairo. 3 bedrooms, 3 bathrooms, 275 sqm. Semi-furnished.",https://example.com/property/654,2026-05-04T18:39:28.477621,sample,15207.163636363637,15.246293224465562,Cairo
Apartment in Alexandria,2097477,138,2,1,Apartment,Unfurnished,Alexandria,"Beautiful apartment in Alexandria. 2 bedrooms, 1 bathrooms, 138 sqm. Unfurnished.",https://example.com/property/655,2026-05-04T18:39:28.477625,sample,15199.108695652174,14.556246228591496,Alexandria
Townhouse in New Cairo,3530089,129,5,6,Townhouse,Furnished,New Cairo,"Beautiful townhouse in New Cairo. 5 bedrooms, 6 bathrooms, 129 sqm. Furnished.",https://example.com/property/656,2026-05-04T18:39:28.477628,sample,27365.03100775194,15.076833924335176,Cairo
Studio in 6th October,233882,30,0,1,Studio,Furnished,6th October,"Beautiful studio in 6th October. 0 bedrooms, 1 bathrooms, 30 sqm. Furnished.",https://example.com/property/657,2026-05-04T18:39:28.477631,sample,7796.066666666667,12.362576269298156,6th October
Apartment in Giza,2198362,77,4,5,Apartment,Unfurnished,Giza,"Beautiful apartment in Giza. 4 bedrooms, 5 bathrooms, 77 sqm. Unfurnished.",https://example.com/property/658,2026-05-04T18:39:28.477634,sample,28550.155844155845,14.603223550446408,Giza
Studio in New Cairo,451782,37,0,1,Studio,Furnished,New Cairo,"Beautiful studio in New Cairo. 0 bedrooms, 1 bathrooms, 37 sqm. Furnished.",https://example.com/property/659,2026-05-04T18:39:28.477638,sample,12210.324324324325,13.020957255039413,Cairo
Villa in Giza,5300789,233,5,3,Villa,Unfurnished,Giza,"Beautiful villa in Giza. 5 bedrooms, 3 bathrooms, 233 sqm. Unfurnished.",https://example.com/property/660,2026-05-04T18:39:28.477641,sample,22750.16738197425,15.483366424018293,Giza
Apartment in 6th October,1684181,120,4,3,Apartment,Unfurnished,6th October,"Beautiful apartment in 6th October. 4 bedrooms, 3 bathrooms, 120 sqm. Unfurnished.",https://example.com/property/661,2026-05-04T18:39:28.477645,sample,14034.841666666667,14.33679054395412,6th October
Studio in Cairo,306757,40,0,1,Studio,Semi-furnished,Cairo,"Beautiful studio in Cairo. 0 bedrooms, 1 bathrooms, 40 sqm. Semi-furnished.",https://example.com/property/662,2026-05-04T18:39:28.477647,sample,7668.925,12.633814442102684,Cairo
Duplex in Cairo,3120324,159,4,4,Duplex,Semi-furnished,Cairo,"Beautiful duplex in Cairo. 4 bedrooms, 4 bathrooms, 159 sqm. Semi-furnished.",https://example.com/property/663,2026-05-04T18:39:28.477650,sample,19624.67924528302,14.953447721027361,Cairo
Townhouse in Cairo,2610625,253,2,3,Townhouse,Furnished,Cairo,"Beautiful townhouse in Cairo. 2 bedrooms, 3 bathrooms, 253 sqm. Furnished.",https://example.com/property/664,2026-05-04T18:39:28.477653,sample,10318.675889328064,14.77510059728354,Cairo
Duplex in Sheikh Zayed,4586527,228,3,2,Duplex,Semi-furnished,Sheikh Zayed,"Beautiful duplex in Sheikh Zayed. 3 bedrooms, 2 bathrooms, 228 sqm. Semi-furnished.",https://example.com/property/665,2026-05-04T18:39:28.477657,sample,20116.34649122807,15.338633868786209,Sheikh Zayed
Duplex in New Cairo,3167593,124,3,3,Duplex,Unfurnished,New Cairo,"Beautiful duplex in New Cairo. 3 bedrooms, 3 bathrooms, 124 sqm. Unfurnished.",https://example.com/property/666,2026-05-04T18:39:28.477660,sample,25545.104838709678,14.968482867138043,Cairo
Studio in Sheikh Zayed,468171,45,0,1,Studio,Semi-furnished,Sheikh Zayed,"Beautiful studio in Sheikh Zayed. 0 bedrooms, 1 bathrooms, 45 sqm. Semi-furnished.",https://example.com/property/667,2026-05-04T18:39:28.477663,sample,10403.8,13.05659102874787,Sheikh Zayed
Duplex in New Cairo,4320549,204,3,3,Duplex,Furnished,New Cairo,"Beautiful duplex in New Cairo. 3 bedrooms, 3 bathrooms, 204 sqm. Furnished.",https://example.com/property/668,2026-05-04T18:39:28.477666,sample,21179.16176470588,15.278893266931265,Cairo
Townhouse in 6th October,1855390,213,2,1,Townhouse,Semi-furnished,6th October,"Beautiful townhouse in 6th October. 2 bedrooms, 1 bathrooms, 213 sqm. Semi-furnished.",https://example.com/property/669,2026-05-04T18:39:28.477675,sample,8710.75117370892,14.433606013483496,6th October
Townhouse in Sheikh Zayed,3508686,267,3,4,Townhouse,Unfurnished,Sheikh Zayed,"Beautiful townhouse in Sheikh Zayed. 3 bedrooms, 4 bathrooms, 267 sqm. Unfurnished.",https://example.com/property/670,2026-05-04T18:39:28.477679,sample,13141.14606741573,15.070752451384815,Sheikh Zayed
Studio in New Cairo,380851,36,0,1,Studio,Unfurnished,New Cairo,"Beautiful studio in New Cairo. 0 bedrooms, 1 bathrooms, 36 sqm. Unfurnished.",https://example.com/property/671,2026-05-04T18:39:28.477682,sample,10579.194444444445,12.850166127198463,Cairo
Studio in Sheikh Zayed,648855,57,0,1,Studio,Unfurnished,Sheikh Zayed,"Beautiful studio in Sheikh Zayed. 0 bedrooms, 1 bathrooms, 57 sqm. Unfurnished.",https://example.com/property/672,2026-05-04T18:39:28.477684,sample,11383.421052631578,13.38296609125216,Sheikh Zayed
Villa in Sheikh Zayed,4335500,178,3,3,Villa,Semi-furnished,Sheikh Zayed,"Beautiful villa in Sheikh Zayed. 3 bedrooms, 3 bathrooms, 178 sqm. Semi-furnished.",https://example.com/property/673,2026-05-04T18:39:28.477689,sample,24356.74157303371,15.28234773245323,Sheikh Zayed
Townhouse in 6th October,1767815,129,4,2,Townhouse,Semi-furnished,6th October,"Beautiful townhouse in 6th October. 4 bedrooms, 2 bathrooms, 129 sqm. Semi-furnished.",https://example.com/property/674,2026-05-04T18:39:28.477692,sample,13703.992248062015,14.385255444365628,6th October
Apartment in New Cairo,2018542,111,2,3,Apartment,Semi-furnished,New Cairo,"Beautiful apartment in New Cairo. 2 bedrooms, 3 bathrooms, 111 sqm. Semi-furnished.",https://example.com/property/675,2026-05-04T18:39:28.477696,sample,18185.063063063062,14.517886521995962,Cairo
Duplex in Cairo,3098936,229,3,3,Duplex,Unfurnished,Cairo,"Beautiful duplex in Cairo. 3 bedrooms, 3 bathrooms, 229 sqm. Unfurnished.",https://example.com/property/676,2026-05-04T18:39:28.477699,sample,13532.471615720524,14.946569707424814,Cairo
Villa in Cairo,7364500,359,6,4,Villa,Furnished,Cairo,"Beautiful villa in Cairo. 6 bedrooms, 4 bathrooms, 359 sqm. Furnished.",https://example.com/property/677,2026-05-04T18:39:28.477704,sample,20513.927576601673,15.812181852698268,Cairo
Studio in Sheikh Zayed,650649,49,0,1,Studio,Semi-furnished,Sheikh Zayed,"Beautiful studio in Sheikh Zayed. 0 bedrooms, 1 bathrooms, 49 sqm. Semi-furnished.",https://example.com/property/678,2026-05-04T18:39:28.477706,sample,13278.551020408164,13.385727142204903,Sheikh Zayed
Villa in Cairo,6324766,293,3,4,Villa,Furnished,Cairo,"Beautiful villa in Cairo. 3 bedrooms, 4 bathrooms, 293 sqm. Furnished.",https://example.com/property/679,2026-05-04T18:39:28.477709,sample,21586.23208191126,15.659983753954661,Cairo
Apartment in Giza,1010546,61,1,2,Apartment,Furnished,Giza,"Beautiful apartment in Giza. 1 bedrooms, 2 bathrooms, 61 sqm. Furnished.",https://example.com/property/680,2026-05-04T18:39:28.477713,sample,16566.32786885246,13.826002326372087,Giza
Villa in Cairo,8557395,400,6,5,Villa,Unfurnished,Cairo,"Beautiful villa in Cairo. 6 bedrooms, 5 bathrooms, 400 sqm. Unfurnished.",https://example.com/property/681,2026-05-04T18:39:28.477716,sample,21393.4875,15.962306496230536,Cairo
Duplex in New Cairo,3155227,132,2,3,Duplex,Furnished,New Cairo,"Beautiful duplex in New Cairo. 2 bedrooms, 3 bathrooms, 132 sqm. Furnished.",https://example.com/property/682,2026-05-04T18:39:28.477720,sample,23903.234848484848,14.964571317590428,Cairo
Studio in 6th October,598150,58,0,1,Studio,Unfurnished,6th October,"Beautiful studio in 6th October. 0 bedrooms, 1 bathrooms, 58 sqm. Unfurnished.",https://example.com/property/683,2026-05-04T18:39:28.477722,sample,10312.931034482759,13.301598509419103,6th October
Studio in 6th October,400481,56,0,1,Studio,Unfurnished,6th October,"Beautiful studio in 6th October. 0 bedrooms, 1 bathrooms, 56 sqm. Unfurnished.",https://example.com/property/684,2026-05-04T18:39:28.477725,sample,7151.446428571428,12.900424100660322,6th October
Apartment in Alexandria,2011608,154,2,2,Apartment,Unfurnished,Alexandria,"Beautiful apartment in Alexandria. 2 bedrooms, 2 bathrooms, 154 sqm. Unfurnished.",https://example.com/property/685,2026-05-04T18:39:28.477730,sample,13062.38961038961,14.514445457320445,Alexandria
Villa in Alexandria,7748729,342,3,1,Villa,Semi-furnished,Alexandria,"Beautiful villa in Alexandria. 3 bedrooms, 1 bathrooms, 342 sqm. Semi-furnished.",https://example.com/property/686,2026-05-04T18:39:28.477733,sample,22657.102339181285,15.863039516933474,Alexandria
Duplex in Alexandria,2577748,106,3,4,Duplex,Furnished,Alexandria,"Beautiful duplex in Alexandria. 3 bedrooms, 4 bathrooms, 106 sqm. Furnished.",https://example.com/property/687,2026-05-04T18:39:28.477737,sample,24318.377358490565,14.7624270954449,Alexandria
Studio in Alexandria,491360,38,0,1,Studio,Semi-furnished,Alexandria,"Beautiful studio in Alexandria. 0 bedrooms, 1 bathrooms, 38 sqm. Semi-furnished.",https://example.com/property/688,2026-05-04T18:39:28.477739,sample,12930.526315789473,13.104934370840276,Alexandria
Duplex in Giza,1913353,112,2,1,Duplex,Unfurnished,Giza,"Beautiful duplex in Giza. 2 bedrooms, 1 bathrooms, 112 sqm. Unfurnished.",https://example.com/property/689,2026-05-04T18:39:28.477742,sample,17083.508928571428,14.464368280963033,Giza
Townhouse in New Cairo,2481544,129,4,2,Townhouse,Semi-furnished,New Cairo,"Beautiful townhouse in New Cairo. 4 bedrooms, 2 bathrooms, 129 sqm. Semi-furnished.",https://example.com/property/690,2026-05-04T18:39:28.477746,sample,19236.77519379845,14.724391908038239,Cairo
Duplex in Giza,1958114,100,3,3,Duplex,Unfurnished,Giza,"Beautiful duplex in Giza. 3 bedrooms, 3 bathrooms, 100 sqm. Unfurnished.",https://example.com/property/691,2026-05-04T18:39:28.477749,sample,19581.14,14.487492833749284,Giza
Apartment in 6th October,1866486,196,1,1,Apartment,Furnished,6th October,"Beautiful apartment in 6th October. 1 bedrooms, 1 bathrooms, 196 sqm. Furnished.",https://example.com/property/692,2026-05-04T18:39:28.477752,sample,9522.887755102041,14.439568612404939,6th October
Duplex in 6th October,4013121,214,4,5,Duplex,Furnished,6th October,"Beautiful duplex in 6th October. 4 bedrooms, 5 bathrooms, 214 sqm. Furnished.",https://example.com/property/693,2026-05-04T18:39:28.477755,sample,18752.90186915888,15.20508004998306,6th October
Townhouse in Giza,2555830,164,4,5,Townhouse,Furnished,Giza,"Beautiful townhouse in Giza. 4 bedrooms, 5 bathrooms, 164 sqm. Furnished.",https://example.com/property/694,2026-05-04T18:39:28.477758,sample,15584.329268292682,14.753887973357772,Giza
Apartment in Sheikh Zayed,1621885,108,3,1,Apartment,Semi-furnished,Sheikh Zayed,"Beautiful apartment in Sheikh Zayed. 3 bedrooms, 1 bathrooms, 108 sqm. Semi-furnished.",https://example.com/property/695,2026-05-04T18:39:28.477762,sample,15017.453703703704,14.299100227586994,Sheikh Zayed
Townhouse in 6th October,1351841,120,2,2,Townhouse,Furnished,6th October,"Beautiful townhouse in 6th October. 2 bedrooms, 2 bathrooms, 120 sqm. Furnished.",https://example.com/property/696,2026-05-04T18:39:28.477766,sample,11265.341666666667,14.116978664850603,6th October
Villa in 6th October,3057407,155,4,2,Villa,Semi-furnished,6th October,"Beautiful villa in 6th October. 4 bedrooms, 2 bathrooms, 155 sqm. Semi-furnished.",https://example.com/property/697,2026-05-04T18:39:28.477769,sample,19725.206451612903,14.93307805614799,6th October
Studio in Sheikh Zayed,588617,45,0,1,Studio,Semi-furnished,Sheikh Zayed,"Beautiful studio in Sheikh Zayed. 0 bedrooms, 1 bathrooms, 45 sqm. Semi-furnished.",https://example.com/property/698,2026-05-04T18:39:28.477771,sample,13080.377777777778,13.285532695353675,Sheikh Zayed
Townhouse in Alexandria,3061396,149,4,2,Townhouse,Semi-furnished,Alexandria,"Beautiful townhouse in Alexandria. 4 bedrooms, 2 bathrooms, 149 sqm. Semi-furnished.",https://example.com/property/699,2026-05-04T18:39:28.477774,sample,20546.28187919463,14.934381905695448,Alexandria
Apartment in Alexandria,2109494,155,2,2,Apartment,Semi-furnished,Alexandria,"Beautiful apartment in Alexandria. 2 bedrooms, 2 bathrooms, 155 sqm. Semi-furnished.",https://example.com/property/700,2026-05-04T18:39:28.477777,sample,13609.63870967742,14.561959140313808,Alexandria
Studio in Sheikh Zayed,654412,54,0,1,Studio,Semi-furnished,Sheikh Zayed,"Beautiful studio in Sheikh Zayed. 0 bedrooms, 1 bathrooms, 54 sqm. Semi-furnished.",https://example.com/property/701,2026-05-04T18:39:28.477780,sample,12118.74074074074,13.39149392959903,Sheikh Zayed
Villa in New Cairo,8118219,292,3,4,Villa,Furnished,New Cairo,"Beautiful villa in New Cairo. 3 bedrooms, 4 bathrooms, 292 sqm. Furnished.",https://example.com/property/702,2026-05-04T18:39:28.477783,sample,27802.119863013697,15.909621476284777,Cairo
Villa in Alexandria,4808324,150,3,3,Villa,Furnished,Alexandria,"Beautiful villa in Alexandria. 3 bedrooms, 3 bathrooms, 150 sqm. Furnished.",https://example.com/property/703,2026-05-04T18:39:28.477786,sample,32055.493333333332,15.385859348586573,Alexandria
Townhouse in 6th October,2135405,189,2,1,Townhouse,Furnished,6th October,"Beautiful townhouse in 6th October. 2 bedrooms, 1 bathrooms, 189 sqm. Furnished.",https://example.com/property/704,2026-05-04T18:39:28.477790,sample,11298.439153439154,14.574167350500419,6th October
Studio in Alexandria,639151,43,0,1,Studio,Furnished,Alexandria,"Beautiful studio in Alexandria. 0 bedrooms, 1 bathrooms, 43 sqm. Furnished.",https://example.com/property/705,2026-05-04T18:39:28.477794,sample,14863.976744186046,13.367897576747183,Alexandria
Townhouse in Cairo,2319358,236,5,4,Townhouse,Unfurnished,Cairo,"Beautiful townhouse in Cairo. 5 bedrooms, 4 bathrooms, 236 sqm. Unfurnished.",https://example.com/property/706,2026-05-04T18:39:28.477799,sample,9827.78813559322,14.656801412363073,Cairo
Townhouse in Sheikh Zayed,2603686,157,3,3,Townhouse,Furnished,Sheikh Zayed,"Beautiful townhouse in Sheikh Zayed. 3 bedrooms, 3 bathrooms, 157 sqm. Furnished.",https://example.com/property/707,2026-05-04T18:39:28.477802,sample,16583.987261146496,14.772439075393255,Sheikh Zayed
Apartment in 6th October,1983895,160,3,2,Apartment,Furnished,6th October,"Beautiful apartment in 6th October. 3 bedrooms, 2 bathrooms, 160 sqm. Furnished.",https://example.com/property/708,2026-05-04T18:39:28.477805,sample,12399.34375,14.500573146098175,6th October
Studio in 6th October,369706,37,0,1,Studio,Furnished,6th October,"Beautiful studio in 6th October. 0 bedrooms, 1 bathrooms, 37 sqm. Furnished.",https://example.com/property/709,2026-05-04T18:39:28.477808,sample,9992.054054054053,12.820466079016503,6th October
Apartment in Alexandria,2655211,198,4,3,Apartment,Furnished,Alexandria,"Beautiful apartment in Alexandria. 4 bedrooms, 3 bathrooms, 198 sqm. Furnished.",https://example.com/property/710,2026-05-04T18:39:28.477811,sample,13410.156565656565,14.792035058811253,Alexandria
Studio in Alexandria,414837,49,0,1,Studio,Furnished,Alexandria,"Beautiful studio in Alexandria. 0 bedrooms, 1 bathrooms, 49 sqm. Furnished.",https://example.com/property/711,2026-05-04T18:39:28.477813,sample,8466.061224489797,12.935643361556188,Alexandria
Apartment in 6th October,745751,72,1,2,Apartment,Unfurnished,6th October,"Beautiful apartment in 6th October. 1 bedrooms, 2 bathrooms, 72 sqm. Unfurnished.",https://example.com/property/712,2026-05-04T18:39:28.477817,sample,10357.652777777777,13.522148384237294,6th October
Villa in Alexandria,7056156,304,6,7,Villa,Semi-furnished,Alexandria,"Beautiful villa in Alexandria. 6 bedrooms, 7 bathrooms, 304 sqm. Semi-furnished.",https://example.com/property/713,2026-05-04T18:39:28.477820,sample,23211.03947368421,15.769411126988118,Alexandria
Townhouse in Cairo,3284828,197,4,2,Townhouse,Semi-furnished,Cairo,"Beautiful townhouse in Cairo. 4 bedrooms, 2 bathrooms, 197 sqm. Semi-furnished.",https://example.com/property/714,2026-05-04T18:39:28.477823,sample,16674.253807106597,15.00482515375143,Cairo
Duplex in Sheikh Zayed,4111353,223,2,1,Duplex,Semi-furnished,Sheikh Zayed,"Beautiful duplex in Sheikh Zayed. 2 bedrooms, 1 bathrooms, 223 sqm. Semi-furnished.",https://example.com/property/715,2026-05-04T18:39:28.477827,sample,18436.56053811659,15.229262972608142,Sheikh Zayed
Townhouse in New Cairo,3590349,252,4,3,Townhouse,Furnished,New Cairo,"Beautiful townhouse in New Cairo. 4 bedrooms, 3 bathrooms, 252 sqm. Furnished.",https://example.com/property/716,2026-05-04T18:39:28.477831,sample,14247.416666666666,15.093760248748536,Cairo
Townhouse in Sheikh Zayed,3106036,136,3,4,Townhouse,Furnished,Sheikh Zayed,"Beautiful townhouse in Sheikh Zayed. 3 bedrooms, 4 bathrooms, 136 sqm. Furnished.",https://example.com/property/717,2026-05-04T18:39:28.477835,sample,22838.5,14.948858195047377,Sheikh Zayed
Duplex in Alexandria,3534865,216,3,4,Duplex,Semi-furnished,Alexandria,"Beautiful duplex in Alexandria. 3 bedrooms, 4 bathrooms, 216 sqm. Semi-furnished.",https://example.com/property/718,2026-05-04T18:39:28.477838,sample,16365.11574074074,15.078185949946528,Alexandria
Townhouse in 6th October,1570101,160,3,1,Townhouse,Semi-furnished,6th October,"Beautiful townhouse in 6th October. 3 bedrooms, 1 bathrooms, 160 sqm. Semi-furnished.",https://example.com/property/719,2026-05-04T18:39:28.477841,sample,9813.13125,14.266651143367017,6th October
Apartment in Cairo,2000892,136,3,1,Apartment,Furnished,Cairo,"Beautiful apartment in Cairo. 3 bedrooms, 1 bathrooms, 136 sqm. Furnished.",https://example.com/property/720,2026-05-04T18:39:28.477844,sample,14712.441176470587,14.509104138872756,Cairo
Duplex in New Cairo,5136038,213,3,3,Duplex,Unfurnished,New Cairo,"Beautiful duplex in New Cairo. 3 bedrooms, 3 bathrooms, 213 sqm. Unfurnished.",https://example.com/property/721,2026-05-04T18:39:28.477848,sample,24112.8544600939,15.451792717781048,Cairo
Townhouse in 6th October,2781584,222,2,1,Townhouse,Unfurnished,6th October,"Beautiful townhouse in 6th October. 2 bedrooms, 1 bathrooms, 222 sqm. Unfurnished.",https://example.com/property/722,2026-05-04T18:39:28.477851,sample,12529.657657657657,14.838531467081438,6th October
Townhouse in New Cairo,3277185,143,5,5,Townhouse,Unfurnished,New Cairo,"Beautiful townhouse in New Cairo. 5 bedrooms, 5 bathrooms, 143 sqm. Unfurnished.",https://example.com/property/723,2026-05-04T18:39:28.477854,sample,22917.377622377622,15.002495685301211,Cairo
Townhouse in Cairo,2594310,282,2,1,Townhouse,Semi-furnished,Cairo,"Beautiful townhouse in Cairo. 2 bedrooms, 1 bathrooms, 282 sqm. Semi-furnished.",https://example.com/property/724,2026-05-04T18:39:28.477857,sample,9199.68085106383,14.768831528730644,Cairo
Townhouse in Cairo,2773328,187,2,2,Townhouse,Semi-furnished,Cairo,"Beautiful townhouse in Cairo. 2 bedrooms, 2 bathrooms, 187 sqm. Semi-furnished.",https://example.com/property/725,2026-05-04T18:39:28.477861,sample,14830.63101604278,14.835558961628061,Cairo
Apartment in Alexandria,3394152,172,4,4,Apartment,Unfurnished,Alexandria,"Beautiful apartment in Alexandria. 4 bedrooms, 4 bathrooms, 172 sqm. Unfurnished.",https://example.com/property/726,2026-05-04T18:39:28.477864,sample,19733.441860465115,15.037564803312407,Alexandria
Duplex in Sheikh Zayed,2650823,104,4,3,Duplex,Furnished,Sheikh Zayed,"Beautiful duplex in Sheikh Zayed. 4 bedrooms, 3 bathrooms, 104 sqm. Furnished.",https://example.com/property/727,2026-05-04T18:39:28.477867,sample,25488.68269230769,14.790381093025752,Sheikh Zayed
Duplex in Sheikh Zayed,3750560,249,3,4,Duplex,Unfurnished,Sheikh Zayed,"Beautiful duplex in Sheikh Zayed. 3 bedrooms, 4 bathrooms, 249 sqm. Unfurnished.",https://example.com/property/728,2026-05-04T18:39:28.477871,sample,15062.489959839357,15.13741598675763,Sheikh Zayed
Villa in Cairo,4126857,157,5,3,Villa,Semi-furnished,Cairo,"Beautiful villa in Cairo. 5 bedrooms, 3 bathrooms, 157 sqm. Semi-furnished.",https://example.com/property/729,2026-05-04T18:39:28.477875,sample,26285.71337579618,15.233026900582795,Cairo
Apartment in Alexandria,2777406,150,3,4,Apartment,Furnished,Alexandria,"Beautiful apartment in Alexandria. 3 bedrooms, 4 bathrooms, 150 sqm. Furnished.",https://example.com/property/730,2026-05-04T18:39:28.477878,sample,18516.04,14.837028316587007,Alexandria
Apartment in Sheikh Zayed,2837926,134,4,5,Apartment,Unfurnished,Sheikh Zayed,"Beautiful apartment in Sheikh Zayed. 4 bedrooms, 5 bathrooms, 134 sqm. Unfurnished.",https://example.com/property/731,2026-05-04T18:39:28.477881,sample,21178.55223880597,14.858584414031624,Sheikh Zayed
Studio in Cairo,533423,53,0,1,Studio,Unfurnished,Cairo,"Beautiful studio in Cairo. 0 bedrooms, 1 bathrooms, 53 sqm. Unfurnished.",https://example.com/property/732,2026-05-04T18:39:28.477883,sample,10064.584905660377,13.187071884093537,Cairo
Townhouse in Sheikh Zayed,4446212,286,3,1,Townhouse,Furnished,Sheikh Zayed,"Beautiful townhouse in Sheikh Zayed. 3 bedrooms, 1 bathrooms, 286 sqm. Furnished.",https://example.com/property/733,2026-05-04T18:39:28.477887,sample,15546.195804195804,15.307563280590834,Sheikh Zayed
Duplex in Cairo,2563735,179,2,2,Duplex,Semi-furnished,Cairo,"Beautiful duplex in Cairo. 2 bedrooms, 2 bathrooms, 179 sqm. Semi-furnished.",https://example.com/property/734,2026-05-04T18:39:28.477890,sample,14322.541899441341,14.756976127602965,Cairo
Apartment in Cairo,1107567,89,3,2,Apartment,Unfurnished,Cairo,"Beautiful apartment in Cairo. 3 bedrooms, 2 bathrooms, 89 sqm. Unfurnished.",https://example.com/property/735,2026-05-04T18:39:28.477894,sample,12444.573033707866,13.917677178565086,Cairo
Townhouse in 6th October,2344342,230,3,2,Townhouse,Unfurnished,6th October,"Beautiful townhouse in 6th October. 3 bedrooms, 2 bathrooms, 230 sqm. Unfurnished.",https://example.com/property/736,2026-05-04T18:39:28.477897,sample,10192.791304347826,14.667515750031717,6th October
Duplex in Cairo,2586164,103,4,4,Duplex,Furnished,Cairo,"Beautiful duplex in Cairo. 4 bedrooms, 4 bathrooms, 103 sqm. Furnished.",https://example.com/property/737,2026-05-04T18:39:28.477900,sample,25108.388349514564,14.765686641382889,Cairo
Apartment in Alexandria,3058820,174,4,2,Apartment,Furnished,Alexandria,"Beautiful apartment in Alexandria. 4 bedrooms, 2 bathrooms, 174 sqm. Furnished.",https://example.com/property/738,2026-05-04T18:39:28.477903,sample,17579.42528735632,14.933540105566067,Alexandria
Villa in 6th October,5073256,273,6,5,Villa,Furnished,6th October,"Beautiful villa in 6th October. 6 bedrooms, 5 bathrooms, 273 sqm. Furnished.",https://example.com/property/739,2026-05-04T18:39:28.477907,sample,18583.35531135531,15.439493575624397,6th October
Townhouse in Alexandria,3069656,274,2,3,Townhouse,Unfurnished,Alexandria,"Beautiful townhouse in Alexandria. 2 bedrooms, 3 bathrooms, 274 sqm. Unfurnished.",https://example.com/property/740,2026-05-04T18:39:28.477911,sample,11203.12408759124,14.937076386937157,Alexandria
Townhouse in Cairo,2089560,209,2,3,Townhouse,Unfurnished,Cairo,"Beautiful townhouse in Cairo. 2 bedrooms, 3 bathrooms, 209 sqm. Unfurnished.",https://example.com/property/741,2026-05-04T18:39:28.477914,sample,9997.894736842105,14.552464554030966,Cairo
Duplex in Alexandria,4298173,184,3,4,Duplex,Semi-furnished,Alexandria,"Beautiful duplex in Alexandria. 3 bedrooms, 4 bathrooms, 184 sqm. Semi-furnished.",https://example.com/property/742,2026-05-04T18:39:28.477917,sample,23359.635869565216,15.27370083931116,Alexandria
Villa in Alexandria,8152782,334,4,3,Villa,Semi-furnished,Alexandria,"Beautiful villa in Alexandria. 4 bedrooms, 3 bathrooms, 334 sqm. Semi-furnished.",https://example.com/property/743,2026-05-04T18:39:28.477920,sample,24409.526946107784,15.913869899321256,Alexandria
Duplex in Sheikh Zayed,3441940,211,2,3,Duplex,Semi-furnished,Sheikh Zayed,"Beautiful duplex in Sheikh Zayed. 2 bedrooms, 3 bathrooms, 211 sqm. Semi-furnished.",https://example.com/property/744,2026-05-04T18:39:28.477923,sample,16312.511848341232,15.051546114409732,Sheikh Zayed
Studio in Sheikh Zayed,520913,33,0,1,Studio,Semi-furnished,Sheikh Zayed,"Beautiful studio in Sheikh Zayed. 0 bedrooms, 1 bathrooms, 33 sqm. Semi-furnished.",https://example.com/property/745,2026-05-04T18:39:28.477927,sample,15785.242424242424,13.163340239931914,Sheikh Zayed
Studio in Alexandria,413382,47,0,1,Studio,Unfurnished,Alexandria,"Beautiful studio in Alexandria. 0 bedrooms, 1 bathrooms, 47 sqm. Unfurnished.",https://example.com/property/746,2026-05-04T18:39:28.477929,sample,8795.36170212766,12.932129802984642,Alexandria
Villa in New Cairo,8199020,326,4,3,Villa,Unfurnished,New Cairo,"Beautiful villa in New Cairo. 4 bedrooms, 3 bathrooms, 326 sqm. Unfurnished.",https://example.com/property/747,2026-05-04T18:39:28.477932,sample,25150.36809815951,15.919525314862996,Cairo
Townhouse in Sheikh Zayed,4492258,235,4,5,Townhouse,Semi-furnished,Sheikh Zayed,"Beautiful townhouse in Sheikh Zayed. 4 bedrooms, 5 bathrooms, 235 sqm. Semi-furnished.",https://example.com/property/748,2026-05-04T18:39:28.477935,sample,19115.991489361702,15.31786625123708,Sheikh Zayed
Villa in New Cairo,6063676,211,6,7,Villa,Unfurnished,New Cairo,"Beautiful villa in New Cairo. 6 bedrooms, 7 bathrooms, 211 sqm. Unfurnished.",https://example.com/property/749,2026-05-04T18:39:28.477939,sample,28737.800947867298,15.6178269397142,Cairo
Townhouse in Giza,2131035,166,3,1,Townhouse,Furnished,Giza,"Beautiful townhouse in Giza. 3 bedrooms, 1 bathrooms, 166 sqm. Furnished.",https://example.com/property/750,2026-05-04T18:39:28.477943,sample,12837.560240963856,14.572118804415302,Giza
Apartment in Giza,1112193,70,2,2,Apartment,Semi-furnished,Giza,"Beautiful apartment in Giza. 2 bedrooms, 2 bathrooms, 70 sqm. Semi-furnished.",https://example.com/property/751,2026-05-04T18:39:28.477947,sample,15888.471428571429,13.921845199007867,Giza
Apartment in 6th October,1731107,197,1,1,Apartment,Unfurnished,6th October,"Beautiful apartment in 6th October. 1 bedrooms, 1 bathrooms, 197 sqm. Unfurnished.",https://example.com/property/752,2026-05-04T18:39:28.477950,sample,8787.345177664974,14.364272223893176,6th October
Villa in 6th October,3701125,240,4,3,Villa,Unfurnished,6th October,"Beautiful villa in 6th October. 4 bedrooms, 3 bathrooms, 240 sqm. Unfurnished.",https://example.com/property/753,2026-05-04T18:39:28.477953,sample,15421.354166666666,15.124147655641522,6th October
Duplex in 6th October,1591908,109,2,1,Duplex,Unfurnished,6th October,"Beautiful duplex in 6th October. 2 bedrooms, 1 bathrooms, 109 sqm. Unfurnished.",https://example.com/property/754,2026-05-04T18:39:28.477956,sample,14604.660550458715,14.280444482948704,6th October
Apartment in New Cairo,1006639,84,1,1,Apartment,Unfurnished,New Cairo,"Beautiful apartment in New Cairo. 1 bedrooms, 1 bathrooms, 84 sqm. Unfurnished.",https://example.com/property/755,2026-05-04T18:39:28.477960,sample,11983.797619047618,13.82212861026585,Cairo
Apartment in Alexandria,2453167,123,2,2,Apartment,Semi-furnished,Alexandria,"Beautiful apartment in Alexandria. 2 bedrooms, 2 bathrooms, 123 sqm. Semi-furnished.",https://example.com/property/756,2026-05-04T18:39:28.477963,sample,19944.447154471545,14.712890808461706,Alexandria
Villa in 6th October,3828271,186,4,4,Villa,Unfurnished,6th October,"Beautiful villa in 6th October. 4 bedrooms, 4 bathrooms, 186 sqm. Unfurnished.",https://example.com/property/757,2026-05-04T18:39:28.477966,sample,20582.102150537634,15.157924084412068,6th October
Studio in Sheikh Zayed,567850,60,0,1,Studio,Unfurnished,Sheikh Zayed,"Beautiful studio in Sheikh Zayed. 0 bedrooms, 1 bathrooms, 60 sqm. Unfurnished.",https://example.com/property/758,2026-05-04T18:39:28.477969,sample,9464.166666666666,13.249614339346682,Sheikh Zayed
Villa in Alexandria,5509543,171,6,5,Villa,Semi-furnished,Alexandria,"Beautiful villa in Alexandria. 6 bedrooms, 5 bathrooms, 171 sqm. Semi-furnished.",https://example.com/property/759,2026-05-04T18:39:28.477972,sample,32219.54970760234,15.521992419083723,Alexandria
Villa in Sheikh Zayed,7607676,241,3,3,Villa,Furnished,Sheikh Zayed,"Beautiful villa in Sheikh Zayed. 3 bedrooms, 3 bathrooms, 241 sqm. Furnished.",https://example.com/property/760,2026-05-04T18:39:28.477975,sample,31567.12033195021,15.844668426995911,Sheikh Zayed
Townhouse in Giza,2315283,167,3,2,Townhouse,Furnished,Giza,"Beautiful townhouse in Giza. 3 bedrooms, 2 bathrooms, 167 sqm. Furnished.",https://example.com/property/761,2026-05-04T18:39:28.477983,sample,13863.97005988024,14.655042916163863,Giza
Apartment in Alexandria,1791201,88,3,1,Apartment,Furnished,Alexandria,"Beautiful apartment in Alexandria. 3 bedrooms, 1 bathrooms, 88 sqm. Furnished.",https://example.com/property/762,2026-05-04T18:39:28.477986,sample,20354.55681818182,14.398397460835955,Alexandria
Villa in New Cairo,7104366,368,3,3,Villa,Semi-furnished,New Cairo,"Beautiful villa in New Cairo. 3 bedrooms, 3 bathrooms, 368 sqm. Semi-furnished.",https://example.com/property/763,2026-05-04T18:39:28.477989,sample,19305.342391304348,15.776220223355793,Cairo
Studio in Giza,552544,60,0,1,Studio,Furnished,Giza,"Beautiful studio in Giza. 0 bedrooms, 1 bathrooms, 60 sqm. Furnished.",https://example.com/property/764,2026-05-04T18:39:28.477992,sample,9209.066666666668,13.22229015702114,Giza
Studio in Giza,416762,44,0,1,Studio,Semi-furnished,Giza,"Beautiful studio in Giza. 0 bedrooms, 1 bathrooms, 44 sqm. Semi-furnished.",https://example.com/property/765,2026-05-04T18:39:28.477995,sample,9471.863636363636,12.940272993887772,Giza
Townhouse in Sheikh Zayed,3138200,214,5,3,Townhouse,Semi-furnished,Sheikh Zayed,"Beautiful townhouse in Sheikh Zayed. 5 bedrooms, 3 bathrooms, 214 sqm. Semi-furnished.",https://example.com/property/766,2026-05-04T18:39:28.477998,sample,14664.485981308411,14.95916026376106,Sheikh Zayed
Duplex in 6th October,3375066,211,4,4,Duplex,Semi-furnished,6th October,"Beautiful duplex in 6th October. 4 bedrooms, 4 bathrooms, 211 sqm. Semi-furnished.",https://example.com/property/767,2026-05-04T18:39:28.478001,sample,15995.57345971564,15.031925733943574,6th October
Apartment in Alexandria,1996379,139,3,1,Apartment,Semi-furnished,Alexandria,"Beautiful apartment in Alexandria. 3 bedrooms, 1 bathrooms, 139 sqm. Semi-furnished.",https://example.com/property/768,2026-05-04T18:39:28.478004,sample,14362.438848920863,14.506846098494952,Alexandria
Villa in Giza,4678464,273,4,4,Villa,Unfurnished,Giza,"Beautiful villa in Giza. 4 bedrooms, 4 bathrooms, 273 sqm. Unfurnished.",https://example.com/property/769,2026-05-04T18:39:28.478007,sample,17137.23076923077,15.358480622639878,Giza
Villa in 6th October,7174651,397,6,6,Villa,Furnished,6th October,"Beautiful villa in 6th October. 6 bedrooms, 6 bathrooms, 397 sqm. Furnished.",https://example.com/property/770,2026-05-04T18:39:28.478010,sample,18072.168765743074,15.786064816691551,6th October
Studio in Cairo,529484,58,0,1,Studio,Semi-furnished,Cairo,"Beautiful studio in Cairo. 0 bedrooms, 1 bathrooms, 58 sqm. Semi-furnished.",https://example.com/property/771,2026-05-04T18:39:28.478014,sample,9129.034482758621,13.179660115010437,Cairo
Villa in New Cairo,4007057,172,3,2,Villa,Unfurnished,New Cairo,"Beautiful villa in New Cairo. 3 bedrooms, 2 bathrooms, 172 sqm. Unfurnished.",https://example.com/property/772,2026-05-04T18:39:28.478017,sample,23296.843023255813,15.203567864182853,Cairo
Apartment in Alexandria,1780120,130,1,2,Apartment,Semi-furnished,Alexandria,"Beautiful apartment in Alexandria. 1 bedrooms, 2 bathrooms, 130 sqm. Semi-furnished.",https://example.com/property/773,2026-05-04T18:39:28.478020,sample,13693.23076923077,14.39219189748599,Alexandria
Studio in New Cairo,540280,36,0,1,Studio,Furnished,New Cairo,"Beautiful studio in New Cairo. 0 bedrooms, 1 bathrooms, 36 sqm. Furnished.",https://example.com/property/774,2026-05-04T18:39:28.478024,sample,15007.777777777777,13.199844653565117,Cairo
Townhouse in 6th October,3232700,293,2,2,Townhouse,Furnished,6th October,"Beautiful townhouse in 6th October. 2 bedrooms, 2 bathrooms, 293 sqm. Furnished.",https://example.com/property/775,2026-05-04T18:39:28.478028,sample,11033.105802047781,14.98882856866947,6th October
Duplex in 6th October,1500894,143,2,2,Duplex,Unfurnished,6th October,"Beautiful duplex in 6th October. 2 bedrooms, 2 bathrooms, 143 sqm. Unfurnished.",https://example.com/property/776,2026-05-04T18:39:28.478032,sample,10495.762237762237,14.221572154804324,6th October
Townhouse in 6th October,2065973,183,3,4,Townhouse,Semi-furnished,6th October,"Beautiful townhouse in 6th October. 3 bedrooms, 4 bathrooms, 183 sqm. Semi-furnished.",https://example.com/property/777,2026-05-04T18:39:28.478035,sample,11289.469945355191,14.541112343877789,6th October
Duplex in Giza,3950190,150,4,5,Duplex,Furnished,Giza,"Beautiful duplex in Giza. 4 bedrooms, 5 bathrooms, 150 sqm. Furnished.",https://example.com/property/778,2026-05-04T18:39:28.478038,sample,26334.6,15.189274490138647,Giza
Studio in Cairo,465678,51,0,1,Studio,Semi-furnished,Cairo,"Beautiful studio in Cairo. 0 bedrooms, 1 bathrooms, 51 sqm. Semi-furnished.",https://example.com/property/779,2026-05-04T18:39:28.478040,sample,9130.941176470587,13.051251834545956,Cairo
Villa in Giza,6053196,239,5,3,Villa,Unfurnished,Giza,"Beautiful villa in Giza. 5 bedrooms, 3 bathrooms, 239 sqm. Unfurnished.",https://example.com/property/780,2026-05-04T18:39:28.478043,sample,25327.179916317993,15.616097120189256,Giza
Apartment in New Cairo,3106154,192,3,3,Apartment,Furnished,New Cairo,"Beautiful apartment in New Cairo. 3 bedrooms, 3 bathrooms, 192 sqm. Furnished.",https://example.com/property/781,2026-05-04T18:39:28.478047,sample,16177.885416666666,14.948896184858386,Cairo
Villa in New Cairo,6001418,167,5,6,Villa,Semi-furnished,New Cairo,"Beautiful villa in New Cairo. 5 bedrooms, 6 bathrooms, 167 sqm. Semi-furnished.",https://example.com/property/782,2026-05-04T18:39:28.478050,sample,35936.63473053892,15.607506499230613,Cairo
Duplex in Sheikh Zayed,4287260,227,3,4,Duplex,Unfurnished,Sheikh Zayed,"Beautiful duplex in Sheikh Zayed. 3 bedrooms, 4 bathrooms, 227 sqm. Unfurnished.",https://example.com/property/783,2026-05-04T18:39:28.478053,sample,18886.60792951542,15.271158625462375,Sheikh Zayed
Apartment in Alexandria,1508600,134,2,1,Apartment,Semi-furnished,Alexandria,"Beautiful apartment in Alexandria. 2 bedrooms, 1 bathrooms, 134 sqm. Semi-furnished.",https://example.com/property/784,2026-05-04T18:39:28.478056,sample,11258.208955223881,14.226693289267681,Alexandria
Studio in Cairo,303582,38,0,1,Studio,Unfurnished,Cairo,"Beautiful studio in Cairo. 0 bedrooms, 1 bathrooms, 38 sqm. Unfurnished.",https://example.com/property/785,2026-05-04T18:39:28.478060,sample,7989.0,12.62341032820594,Cairo
Townhouse in Giza,2893544,255,2,3,Townhouse,Semi-furnished,Giza,"Beautiful townhouse in Giza. 2 bedrooms, 3 bathrooms, 255 sqm. Semi-furnished.",https://example.com/property/786,2026-05-04T18:39:28.478063,sample,11347.23137254902,14.877992951974631,Giza
Studio in Cairo,361635,45,0,1,Studio,Furnished,Cairo,"Beautiful studio in Cairo. 0 bedrooms, 1 bathrooms, 45 sqm. Furnished.",https://example.com/property/787,2026-05-04T18:39:28.478066,sample,8036.333333333333,12.79839346006676,Cairo
Townhouse in Sheikh Zayed,2857692,159,4,5,Townhouse,Furnished,Sheikh Zayed,"Beautiful townhouse in Sheikh Zayed. 4 bedrooms, 5 bathrooms, 159 sqm. Furnished.",https://example.com/property/788,2026-05-04T18:39:28.478069,sample,17972.905660377357,14.86552521392758,Sheikh Zayed
Villa in Alexandria,8982194,397,3,4,Villa,Furnished,Alexandria,"Beautiful villa in Alexandria. 3 bedrooms, 4 bathrooms, 397 sqm. Furnished.",https://example.com/property/789,2026-05-04T18:39:28.478072,sample,22625.17380352645,16.010754842481,Alexandria
Studio in Alexandria,776952,57,0,1,Studio,Furnished,Alexandria,"Beautiful studio in Alexandria. 0 bedrooms, 1 bathrooms, 57 sqm. Furnished.",https://example.com/property/790,2026-05-04T18:39:28.478074,sample,13630.736842105263,13.563135138459758,Alexandria
Apartment in Cairo,1860303,165,3,3,Apartment,Unfurnished,Cairo,"Beautiful apartment in Cairo. 3 bedrooms, 3 bathrooms, 165 sqm. Unfurnished.",https://example.com/property/791,2026-05-04T18:39:28.478078,sample,11274.563636363637,14.436250473194598,Cairo
Townhouse in New Cairo,2312217,144,2,3,Townhouse,Unfurnished,New Cairo,"Beautiful townhouse in New Cairo. 2 bedrooms, 3 bathrooms, 144 sqm. Unfurnished.",https://example.com/property/792,2026-05-04T18:39:28.478081,sample,16057.0625,14.65371779498676,Cairo
Studio in New Cairo,766024,51,0,1,Studio,Furnished,New Cairo,"Beautiful studio in New Cairo. 0 bedrooms, 1 bathrooms, 51 sqm. Furnished.",https://example.com/property/793,2026-05-04T18:39:28.478083,sample,15020.078431372549,13.548970085265868,Cairo
Duplex in Giza,2840659,106,4,4,Duplex,Furnished,Giza,"Beautiful duplex in Giza. 4 bedrooms, 4 bathrooms, 106 sqm. Furnished.",https://example.com/property/794,2026-05-04T18:39:28.478086,sample,26798.669811320753,14.859546977504198,Giza
Duplex in New Cairo,2362479,128,3,1,Duplex,Unfurnished,New Cairo,"Beautiful duplex in New Cairo. 3 bedrooms, 1 bathrooms, 128 sqm. Unfurnished.",https://example.com/property/795,2026-05-04T18:39:28.478090,sample,18456.8671875,14.675222472705736,Cairo
Villa in Cairo,4376194,275,4,3,Villa,Semi-furnished,Cairo,"Beautiful villa in Cairo. 4 bedrooms, 3 bathrooms, 275 sqm. Semi-furnished.",https://example.com/property/796,2026-05-04T18:39:28.478093,sample,15913.432727272728,15.291690183334277,Cairo
Apartment in New Cairo,3681646,194,2,2,Apartment,Semi-furnished,New Cairo,"Beautiful apartment in New Cairo. 2 bedrooms, 2 bathrooms, 194 sqm. Semi-furnished.",https://example.com/property/797,2026-05-04T18:39:28.478097,sample,18977.556701030928,15.118870764370365,Cairo
Duplex in Cairo,3290158,154,4,2,Duplex,Furnished,Cairo,"Beautiful duplex in Cairo. 4 bedrooms, 2 bathrooms, 154 sqm. Furnished.",https://example.com/property/798,2026-05-04T18:39:28.478100,sample,21364.66233766234,15.006446449841258,Cairo
Villa in Alexandria,6567871,275,4,3,Villa,Furnished,Alexandria,"Beautiful villa in Alexandria. 4 bedrooms, 3 bathrooms, 275 sqm. Furnished.",https://example.com/property/799,2026-05-04T18:39:28.478103,sample,23883.167272727274,15.697700441495753,Alexandria
Apartment in Alexandria,1539766,95,1,1,Apartment,Furnished,Alexandria,"Beautiful apartment in Alexandria. 1 bedrooms, 1 bathrooms, 95 sqm. Furnished.",https://example.com/property/800,2026-05-04T18:39:28.478107,sample,16208.063157894738,14.24714166424171,Alexandria
Studio in Sheikh Zayed,603505,56,0,1,Studio,Semi-furnished,Sheikh Zayed,"Beautiful studio in Sheikh Zayed. 0 bedrooms, 1 bathrooms, 56 sqm. Semi-furnished.",https://example.com/property/801,2026-05-04T18:39:28.478110,sample,10776.875,13.310511261475273,Sheikh Zayed
Townhouse in Cairo,3447108,269,4,3,Townhouse,Furnished,Cairo,"Beautiful townhouse in Cairo. 4 bedrooms, 3 bathrooms, 269 sqm. Furnished.",https://example.com/property/802,2026-05-04T18:39:28.478113,sample,12814.527881040893,15.053046466699076,Cairo
Studio in Sheikh Zayed,474213,31,0,1,Studio,Unfurnished,Sheikh Zayed,"Beautiful studio in Sheikh Zayed. 0 bedrooms, 1 bathrooms, 31 sqm. Unfurnished.",https://example.com/property/803,2026-05-04T18:39:28.478115,sample,15297.193548387097,13.06941397558548,Sheikh Zayed
Villa in Sheikh Zayed,6260364,189,6,6,Villa,Furnished,Sheikh Zayed,"Beautiful villa in Sheikh Zayed. 6 bedrooms, 6 bathrooms, 189 sqm. Furnished.",https://example.com/property/804,2026-05-04T18:39:28.478119,sample,33123.619047619046,15.649749048085777,Sheikh Zayed
Apartment in 6th October,1149050,107,1,2,Apartment,Furnished,6th October,"Beautiful apartment in 6th October. 1 bedrooms, 2 bathrooms, 107 sqm. Furnished.",https://example.com/property/805,2026-05-04T18:39:28.478123,sample,10738.785046728972,13.954446942268822,6th October
Villa in Cairo,7996906,290,6,5,Villa,Unfurnished,Cairo,"Beautiful villa in Cairo. 6 bedrooms, 5 bathrooms, 290 sqm. Unfurnished.",https://example.com/property/806,2026-05-04T18:39:28.478126,sample,27575.537931034483,15.894565399885394,Cairo
Townhouse in Giza,2393533,272,3,3,Townhouse,Semi-furnished,Giza,"Beautiful townhouse in Giza. 3 bedrooms, 3 bathrooms, 272 sqm. Semi-furnished.",https://example.com/property/807,2026-05-04T18:39:28.478129,sample,8799.753676470587,14.688281492852727,Giza
Townhouse in Alexandria,1508382,120,3,1,Townhouse,Unfurnished,Alexandria,"Beautiful townhouse in Alexandria. 3 bedrooms, 1 bathrooms, 120 sqm. Unfurnished.",https://example.com/property/808,2026-05-04T18:39:28.478133,sample,12569.85,14.22654877408273,Alexandria
Apartment in Sheikh Zayed,3714393,183,4,4,Apartment,Semi-furnished,Sheikh Zayed,"Beautiful apartment in Sheikh Zayed. 4 bedrooms, 4 bathrooms, 183 sqm. Semi-furnished.",https://example.com/property/809,2026-05-04T18:39:28.478136,sample,20297.22950819672,15.127726100351632,Sheikh Zayed
Apartment in Sheikh Zayed,1212432,72,1,1,Apartment,Semi-furnished,Sheikh Zayed,"Beautiful apartment in Sheikh Zayed. 1 bedrooms, 1 bathrooms, 72 sqm. Semi-furnished.",https://example.com/property/810,2026-05-04T18:39:28.478140,sample,16839.333333333332,14.008139642535053,Sheikh Zayed
Villa in Cairo,4328427,258,4,5,Villa,Unfurnished,Cairo,"Beautiful villa in Cairo. 4 bedrooms, 5 bathrooms, 258 sqm. Unfurnished.",https://example.com/property/811,2026-05-04T18:39:28.478143,sample,16776.8488372093,15.280714985561767,Cairo
Townhouse in Alexandria,2962637,155,4,3,Townhouse,Semi-furnished,Alexandria,"Beautiful townhouse in Alexandria. 4 bedrooms, 3 bathrooms, 155 sqm. Semi-furnished.",https://example.com/property/812,2026-05-04T18:39:28.478146,sample,19113.787096774195,14.901590645619084,Alexandria
Duplex in 6th October,2140328,107,3,3,Duplex,Furnished,6th October,"Beautiful duplex in 6th October. 3 bedrooms, 3 bathrooms, 107 sqm. Furnished.",https://example.com/property/813,2026-05-04T18:39:28.478149,sample,20003.065420560746,14.576470113499267,6th October
Villa in Cairo,7052647,373,4,5,Villa,Unfurnished,Cairo,"Beautiful villa in Cairo. 4 bedrooms, 5 bathrooms, 373 sqm. Unfurnished.",https://example.com/property/814,2026-05-04T18:39:28.478152,sample,18907.900804289544,15.768913707104243,Cairo
Apartment in Cairo,2521051,175,3,4,Apartment,Furnished,Cairo,"Beautiful apartment in Cairo. 3 bedrooms, 4 bathrooms, 175 sqm. Furnished.",https://example.com/property/815,2026-05-04T18:39:28.478156,sample,14406.005714285715,14.740186832692752,Cairo
Duplex in New Cairo,3553943,174,4,3,Duplex,Unfurnished,New Cairo,"Beautiful duplex in New Cairo. 4 bedrooms, 3 bathrooms, 174 sqm. Unfurnished.",https://example.com/property/816,2026-05-04T18:39:28.478159,sample,20424.959770114943,15.083568530678951,Cairo
Apartment in 6th October,2238541,116,4,5,Apartment,Unfurnished,6th October,"Beautiful apartment in 6th October. 4 bedrooms, 5 bathrooms, 116 sqm. Unfurnished.",https://example.com/property/817,2026-05-04T18:39:28.478162,sample,19297.76724137931,14.62133531905136,6th October
Townhouse in New Cairo,2375947,188,2,3,Townhouse,Unfurnished,New Cairo,"Beautiful townhouse in New Cairo. 2 bedrooms, 3 bathrooms, 188 sqm. Unfurnished.",https://example.com/property/818,2026-05-04T18:39:28.478165,sample,12638.015957446809,14.680907073703295,Cairo
Apartment in Giza,2083910,179,1,1,Apartment,Unfurnished,Giza,"Beautiful apartment in Giza. 1 bedrooms, 1 bathrooms, 179 sqm. Unfurnished.",https://example.com/property/819,2026-05-04T18:39:28.478168,sample,11641.95530726257,14.54975697460948,Giza
Villa in New Cairo,3958319,178,4,4,Villa,Semi-furnished,New Cairo,"Beautiful villa in New Cairo. 4 bedrooms, 4 bathrooms, 178 sqm. Semi-furnished.",https://example.com/property/820,2026-05-04T18:39:28.478172,sample,22237.747191011236,15.191330250790143,Cairo
Townhouse in 6th October,2723366,253,5,3,Townhouse,Semi-furnished,6th October,"Beautiful townhouse in 6th October. 5 bedrooms, 3 bathrooms, 253 sqm. Semi-furnished.",https://example.com/property/821,2026-05-04T18:39:28.478176,sample,10764.292490118578,14.817379540392764,6th October
Townhouse in Sheikh Zayed,4170256,297,3,4,Townhouse,Semi-furnished,Sheikh Zayed,"Beautiful townhouse in Sheikh Zayed. 3 bedrooms, 4 bathrooms, 297 sqm. Semi-furnished.",https://example.com/property/822,2026-05-04T18:39:28.478180,sample,14041.265993265994,15.243488222571335,Sheikh Zayed
Townhouse in Sheikh Zayed,2574116,121,3,4,Townhouse,Unfurnished,Sheikh Zayed,"Beautiful townhouse in Sheikh Zayed. 3 bedrooms, 4 bathrooms, 121 sqm. Unfurnished.",https://example.com/property/823,2026-05-04T18:39:28.478183,sample,21273.685950413223,14.761017120650637,Sheikh Zayed
Villa in Giza,4618278,328,3,1,Villa,Unfurnished,Giza,"Beautiful villa in Giza. 3 bedrooms, 1 bathrooms, 328 sqm. Unfurnished.",https://example.com/property/824,2026-05-04T18:39:28.478186,sample,14080.115853658537,15.34553268283602,Giza
Villa in 6th October,3861866,240,6,6,Villa,Unfurnished,6th October,"Beautiful villa in 6th October. 6 bedrooms, 6 bathrooms, 240 sqm. Unfurnished.",https://example.com/property/825,2026-05-04T18:39:28.478190,sample,16091.108333333334,15.166661303262625,6th October
Duplex in New Cairo,1949010,100,2,1,Duplex,Furnished,New Cairo,"Beautiful duplex in New Cairo. 2 bedrooms, 1 bathrooms, 100 sqm. Furnished.",https://example.com/property/826,2026-05-04T18:39:28.478193,sample,19490.1,14.48283262239373,Cairo
Townhouse in Sheikh Zayed,3713474,291,3,2,Townhouse,Unfurnished,Sheikh Zayed,"Beautiful townhouse in Sheikh Zayed. 3 bedrooms, 2 bathrooms, 291 sqm. Unfurnished.",https://example.com/property/827,2026-05-04T18:39:28.478196,sample,12761.079037800688,15.127478653875478,Sheikh Zayed
Studio in New Cairo,691756,58,0,1,Studio,Semi-furnished,New Cairo,"Beautiful studio in New Cairo. 0 bedrooms, 1 bathrooms, 58 sqm. Semi-furnished.",https://example.com/property/828,2026-05-04T18:39:28.478199,sample,11926.827586206897,13.446990016860711,Cairo
Townhouse in Sheikh Zayed,3717023,283,3,1,Townhouse,Semi-furnished,Sheikh Zayed,"Beautiful townhouse in Sheikh Zayed. 3 bedrooms, 1 bathrooms, 283 sqm. Semi-furnished.",https://example.com/property/829,2026-05-04T18:39:28.478202,sample,13134.356890459363,15.12843390607856,Sheikh Zayed
Villa in New Cairo,8134595,400,5,5,Villa,Unfurnished,New Cairo,"Beautiful villa in New Cairo. 5 bedrooms, 5 bathrooms, 400 sqm. Unfurnished.",https://example.com/property/830,2026-05-04T18:39:28.478205,sample,20336.4875,15.911636635447563,Cairo
Apartment in New Cairo,3115422,186,4,4,Apartment,Semi-furnished,New Cairo,"Beautiful apartment in New Cairo. 4 bedrooms, 4 bathrooms, 186 sqm. Semi-furnished.",https://example.com/property/831,2026-05-04T18:39:28.478208,sample,16749.58064516129,14.951875495526982,Cairo
Apartment in Sheikh Zayed,1184942,62,1,2,Apartment,Furnished,Sheikh Zayed,"Beautiful apartment in Sheikh Zayed. 1 bedrooms, 2 bathrooms, 62 sqm. Furnished.",https://example.com/property/832,2026-05-04T18:39:28.478211,sample,19111.967741935485,13.985205230128642,Sheikh Zayed
Townhouse in Alexandria,3386176,156,5,3,Townhouse,Semi-furnished,Alexandria,"Beautiful townhouse in Alexandria. 5 bedrooms, 3 bathrooms, 156 sqm. Semi-furnished.",https://example.com/property/833,2026-05-04T18:39:28.478214,sample,21706.25641025641,15.035212114378675,Alexandria
Duplex in New Cairo,3343662,119,4,3,Duplex,Semi-furnished,New Cairo,"Beautiful duplex in New Cairo. 4 bedrooms, 3 bathrooms, 119 sqm. Semi-furnished.",https://example.com/property/834,2026-05-04T18:39:28.478217,sample,28098.0,15.022577470596373,Cairo
Studio in Cairo,671540,56,0,1,Studio,Furnished,Cairo,"Beautiful studio in Cairo. 0 bedrooms, 1 bathrooms, 56 sqm. Furnished.",https://example.com/property/835,2026-05-04T18:39:28.478221,sample,11991.785714285714,13.417330350415833,Cairo
Duplex in Cairo,3887080,211,3,4,Duplex,Semi-furnished,Cairo,"Beautiful duplex in Cairo. 3 bedrooms, 4 bathrooms, 211 sqm. Semi-furnished.",https://example.com/property/836,2026-05-04T18:39:28.478224,sample,18422.18009478673,15.173169048310317,Cairo
Villa in Giza,8459071,396,5,5,Villa,Unfurnished,Giza,"Beautiful villa in Giza. 5 bedrooms, 5 bathrooms, 396 sqm. Unfurnished.",https://example.com/property/837,2026-05-04T18:39:28.478227,sample,21361.290404040403,15.95075003289433,Giza
Apartment in Cairo,1686060,146,1,1,Apartment,Furnished,Cairo,"Beautiful apartment in Cairo. 1 bedrooms, 1 bathrooms, 146 sqm. Furnished.",https://example.com/property/838,2026-05-04T18:39:28.478230,sample,11548.356164383562,14.337905597197869,Cairo
Apartment in Cairo,1065302,68,1,1,Apartment,Semi-furnished,Cairo,"Beautiful apartment in Cairo. 1 bedrooms, 1 bathrooms, 68 sqm. Semi-furnished.",https://example.com/property/839,2026-05-04T18:39:28.478233,sample,15666.20588235294,13.878769823703463,Cairo
Apartment in Alexandria,1259782,88,1,2,Apartment,Furnished,Alexandria,"Beautiful apartment in Alexandria. 1 bedrooms, 2 bathrooms, 88 sqm. Furnished.",https://example.com/property/840,2026-05-04T18:39:28.478236,sample,14315.704545454546,14.046450041873488,Alexandria
Duplex in 6th October,3279568,157,3,4,Duplex,Unfurnished,6th October,"Beautiful duplex in 6th October. 3 bedrooms, 4 bathrooms, 157 sqm. Unfurnished.",https://example.com/property/841,2026-05-04T18:39:28.478239,sample,20888.96815286624,15.003222569287246,6th October
Townhouse in 6th October,2434645,122,3,3,Townhouse,Furnished,6th October,"Beautiful townhouse in 6th October. 3 bedrooms, 3 bathrooms, 122 sqm. Furnished.",https://example.com/property/842,2026-05-04T18:39:28.478242,sample,19956.10655737705,14.705311924053351,6th October
Apartment in Giza,1180224,71,2,2,Apartment,Furnished,Giza,"Beautiful apartment in Giza. 2 bedrooms, 2 bathrooms, 71 sqm. Furnished.",https://example.com/property/843,2026-05-04T18:39:28.478246,sample,16622.87323943662,13.981215656231216,Giza
Apartment in New Cairo,2469692,85,4,4,Apartment,Furnished,New Cairo,"Beautiful apartment in New Cairo. 4 bedrooms, 4 bathrooms, 85 sqm. Furnished.",https://example.com/property/844,2026-05-04T18:39:28.478250,sample,29055.2,14.719604409381356,Cairo
Apartment in Cairo,1580245,132,1,1,Apartment,Semi-furnished,Cairo,"Beautiful apartment in Cairo. 1 bedrooms, 1 bathrooms, 132 sqm. Semi-furnished.",https://example.com/property/845,2026-05-04T18:39:28.478254,sample,11971.55303030303,14.273091089086286,Cairo
Apartment in Alexandria,2215048,191,2,1,Apartment,Unfurnished,Alexandria,"Beautiful apartment in Alexandria. 2 bedrooms, 1 bathrooms, 191 sqm. Unfurnished.",https://example.com/property/846,2026-05-04T18:39:28.478258,sample,11597.10994764398,14.61078508311285,Alexandria
Villa in New Cairo,7431892,345,5,5,Villa,Unfurnished,New Cairo,"Beautiful villa in New Cairo. 5 bedrooms, 5 bathrooms, 345 sqm. Unfurnished.",https://example.com/property/847,2026-05-04T18:39:28.478261,sample,21541.715942028986,15.82129116217088,Cairo
Duplex in Giza,4699068,228,4,2,Duplex,Furnished,Giza,"Beautiful duplex in Giza. 4 bedrooms, 2 bathrooms, 228 sqm. Furnished.",https://example.com/property/848,2026-05-04T18:39:28.478264,sample,20609.947368421053,15.362874961952459,Giza
Townhouse in Cairo,1621220,145,2,2,Townhouse,Unfurnished,Cairo,"Beautiful townhouse in Cairo. 2 bedrooms, 2 bathrooms, 145 sqm. Unfurnished.",https://example.com/property/849,2026-05-04T18:39:28.478267,sample,11180.827586206897,14.298690127020272,Cairo
Studio in Giza,450908,59,0,1,Studio,Furnished,Giza,"Beautiful studio in Giza. 0 bedrooms, 1 bathrooms, 59 sqm. Furnished.",https://example.com/property/850,2026-05-04T18:39:28.478270,sample,7642.5084745762715,13.019020824289816,Giza
Duplex in 6th October,1998545,241,2,1,Duplex,Unfurnished,6th October,"Beautiful duplex in 6th October. 2 bedrooms, 1 bathrooms, 241 sqm. Unfurnished.",https://example.com/property/851,2026-05-04T18:39:28.478273,sample,8292.717842323651,14.50793047413157,6th October
Villa in New Cairo,8418641,349,6,5,Villa,Unfurnished,New Cairo,"Beautiful villa in New Cairo. 6 bedrooms, 5 bathrooms, 349 sqm. Unfurnished.",https://example.com/property/852,2026-05-04T18:39:28.478276,sample,24122.18051575931,15.94595909055073,Cairo
Townhouse in 6th October,3220001,289,5,4,Townhouse,Unfurnished,6th October,"Beautiful townhouse in 6th October. 5 bedrooms, 4 bathrooms, 289 sqm. Unfurnished.",https://example.com/property/853,2026-05-04T18:39:28.478279,sample,11141.871972318339,14.98489253863841,6th October
Duplex in New Cairo,3217289,162,2,2,Duplex,Furnished,New Cairo,"Beautiful duplex in New Cairo. 2 bedrooms, 2 bathrooms, 162 sqm. Furnished.",https://example.com/property/854,2026-05-04T18:39:28.478282,sample,19859.80864197531,14.984049948257098,Cairo
Studio in 6th October,519908,59,0,1,Studio,Semi-furnished,6th October,"Beautiful studio in 6th October. 0 bedrooms, 1 bathrooms, 59 sqm. Semi-furnished.",https://example.com/property/855,2026-05-04T18:39:28.478286,sample,8812.0,13.161409075243323,6th October
Villa in 6th October,5430732,231,4,5,Villa,Furnished,6th October,"Beautiful villa in 6th October. 4 bedrooms, 5 bathrooms, 231 sqm. Furnished.",https://example.com/property/856,2026-05-04T18:39:28.478289,sample,23509.66233766234,15.507584673591579,6th October
Studio in Alexandria,458861,45,0,1,Studio,Furnished,Alexandria,"Beautiful studio in Alexandria. 0 bedrooms, 1 bathrooms, 45 sqm. Furnished.",https://example.com/property/857,2026-05-04T18:39:28.478293,sample,10196.91111111111,13.036504790242558,Alexandria
Villa in Alexandria,5883153,380,6,4,Villa,Unfurnished,Alexandria,"Beautiful villa in Alexandria. 6 bedrooms, 4 bathrooms, 380 sqm. Unfurnished.",https://example.com/property/858,2026-05-04T18:39:28.478296,sample,15481.981578947369,15.587603570624495,Alexandria
Apartment in Alexandria,782282,73,1,1,Apartment,Unfurnished,Alexandria,"Beautiful apartment in Alexandria. 1 bedrooms, 1 bathrooms, 73 sqm. Unfurnished.",https://example.com/property/859,2026-05-04T18:39:28.478299,sample,10716.191780821919,13.569971846643242,Alexandria
Duplex in Alexandria,2426103,138,2,2,Duplex,Unfurnished,Alexandria,"Beautiful duplex in Alexandria. 2 bedrooms, 2 bathrooms, 138 sqm. Unfurnished.",https://example.com/property/860,2026-05-04T18:39:28.478302,sample,17580.456521739132,14.70179723648732,Alexandria
Duplex in New Cairo,2880525,153,2,1,Duplex,Furnished,New Cairo,"Beautiful duplex in New Cairo. 2 bedrooms, 1 bathrooms, 153 sqm. Furnished.",https://example.com/property/861,2026-05-04T18:39:28.478306,sample,18826.960784313724,14.873483474324566,Cairo
Apartment in Cairo,1843243,70,4,4,Apartment,Furnished,Cairo,"Beautiful apartment in Cairo. 4 bedrooms, 4 bathrooms, 70 sqm. Furnished.",https://example.com/property/862,2026-05-04T18:39:28.478309,sample,26332.042857142857,14.427037620726567,Cairo
Apartment in New Cairo,2354047,108,4,2,Apartment,Furnished,New Cairo,"Beautiful apartment in New Cairo. 4 bedrooms, 2 bathrooms, 108 sqm. Furnished.",https://example.com/property/863,2026-05-04T18:39:28.478312,sample,21796.73148148148,14.671646957418599,Cairo
Duplex in Giza,2487642,184,2,1,Duplex,Unfurnished,Giza,"Beautiful duplex in Giza. 2 bedrooms, 1 bathrooms, 184 sqm. Unfurnished.",https://example.com/property/864,2026-05-04T18:39:28.478315,sample,13519.79347826087,14.726846233799732,Giza
Townhouse in 6th October,2384833,161,5,3,Townhouse,Furnished,6th October,"Beautiful townhouse in 6th October. 5 bedrooms, 3 bathrooms, 161 sqm. Furnished.",https://example.com/property/865,2026-05-04T18:39:28.478319,sample,14812.627329192546,14.68464007820512,6th October
Apartment in 6th October,1874641,107,2,2,Apartment,Furnished,6th October,"Beautiful apartment in 6th October. 2 bedrooms, 2 bathrooms, 107 sqm. Furnished.",https://example.com/property/866,2026-05-04T18:39:28.478322,sample,17520.00934579439,14.443928265823226,6th October
Duplex in Sheikh Zayed,3381819,171,4,5,Duplex,Unfurnished,Sheikh Zayed,"Beautiful duplex in Sheikh Zayed. 4 bedrooms, 5 bathrooms, 171 sqm. Unfurnished.",https://example.com/property/867,2026-05-04T18:39:28.478326,sample,19776.719298245614,15.03392458407927,Sheikh Zayed
Studio in Alexandria,619010,49,0,1,Studio,Semi-furnished,Alexandria,"Beautiful studio in Alexandria. 0 bedrooms, 1 bathrooms, 49 sqm. Semi-furnished.",https://example.com/property/868,2026-05-04T18:39:28.478328,sample,12632.857142857143,13.335878322106577,Alexandria
Apartment in 6th October,1090141,85,1,2,Apartment,Unfurnished,6th October,"Beautiful apartment in 6th October. 1 bedrooms, 2 bathrooms, 85 sqm. Unfurnished.",https://example.com/property/869,2026-05-04T18:39:28.478332,sample,12825.188235294117,13.901818520949604,6th October
Duplex in 6th October,4776943,249,4,5,Duplex,Unfurnished,6th October,"Beautiful duplex in 6th October. 4 bedrooms, 5 bathrooms, 249 sqm. Unfurnished.",https://example.com/property/870,2026-05-04T18:39:28.478335,sample,19184.510040160643,15.379311569464784,6th October
Studio in Alexandria,354166,31,0,1,Studio,Semi-furnished,Alexandria,"Beautiful studio in Alexandria. 0 bedrooms, 1 bathrooms, 31 sqm. Semi-furnished.",https://example.com/property/871,2026-05-04T18:39:28.478338,sample,11424.709677419354,12.777523832288628,Alexandria
Townhouse in Giza,2126277,133,4,4,Townhouse,Furnished,Giza,"Beautiful townhouse in Giza. 4 bedrooms, 4 bathrooms, 133 sqm. Furnished.",https://example.com/property/872,2026-05-04T18:39:28.478341,sample,15987.045112781954,14.569883591329782,Giza
Apartment in Sheikh Zayed,2015590,86,3,2,Apartment,Semi-furnished,Sheikh Zayed,"Beautiful apartment in Sheikh Zayed. 3 bedrooms, 2 bathrooms, 86 sqm. Semi-furnished.",https://example.com/property/873,2026-05-04T18:39:28.478344,sample,23437.093023255813,14.51642301060695,Sheikh Zayed
Studio in Cairo,364299,44,0,1,Studio,Unfurnished,Cairo,"Beautiful studio in Cairo. 0 bedrooms, 1 bathrooms, 44 sqm. Unfurnished.",https://example.com/property/874,2026-05-04T18:39:28.478347,sample,8279.522727272728,12.805732982996656,Cairo
Studio in Alexandria,556777,46,0,1,Studio,Semi-furnished,Alexandria,"Beautiful studio in Alexandria. 0 bedrooms, 1 bathrooms, 46 sqm. Semi-furnished.",https://example.com/property/875,2026-05-04T18:39:28.478350,sample,12103.847826086956,13.229921875727495,Alexandria
Villa in Giza,6035050,359,4,2,Villa,Semi-furnished,Giza,"Beautiful villa in Giza. 4 bedrooms, 2 bathrooms, 359 sqm. Semi-furnished.",https://example.com/property/876,2026-05-04T18:39:28.478353,sample,16810.72423398329,15.613094863182287,Giza
Duplex in 6th October,2462852,163,4,4,Duplex,Furnished,6th October,"Beautiful duplex in 6th October. 4 bedrooms, 4 bathrooms, 163 sqm. Furnished.",https://example.com/property/877,2026-05-04T18:39:28.478357,sample,15109.521472392638,14.716830992008521,6th October
Studio in Cairo,359661,38,0,1,Studio,Semi-furnished,Cairo,"Beautiful studio in Cairo. 0 bedrooms, 1 bathrooms, 38 sqm. Semi-furnished.",https://example.com/property/878,2026-05-04T18:39:28.478359,sample,9464.763157894737,12.792919980511156,Cairo
Townhouse in Cairo,3669799,261,2,1,Townhouse,Semi-furnished,Cairo,"Beautiful townhouse in Cairo. 2 bedrooms, 1 bathrooms, 261 sqm. Semi-furnished.",https://example.com/property/879,2026-05-04T18:39:28.478364,sample,14060.532567049808,15.11564772263299,Cairo
Duplex in Giza,2925527,120,3,2,Duplex,Furnished,Giza,"Beautiful duplex in Giza. 3 bedrooms, 2 bathrooms, 120 sqm. Furnished.",https://example.com/property/880,2026-05-04T18:39:28.478367,sample,24379.391666666666,14.888985535178128,Giza
Duplex in New Cairo,3339523,118,4,4,Duplex,Semi-furnished,New Cairo,"Beautiful duplex in New Cairo. 4 bedrooms, 4 bathrooms, 118 sqm. Semi-furnished.",https://example.com/property/881,2026-05-04T18:39:28.478370,sample,28301.042372881355,15.0213388398266,Cairo
Apartment in Alexandria,1778561,78,3,3,Apartment,Furnished,Alexandria,"Beautiful apartment in Alexandria. 3 bedrooms, 3 bathrooms, 78 sqm. Furnished.",https://example.com/property/882,2026-05-04T18:39:28.478373,sample,22802.0641025641,14.391315730600807,Alexandria
Duplex in Cairo,2617292,164,3,3,Duplex,Unfurnished,Cairo,"Beautiful duplex in Cairo. 3 bedrooms, 3 bathrooms, 164 sqm. Unfurnished.",https://example.com/property/883,2026-05-04T18:39:28.478376,sample,15959.09756097561,14.77765113550504,Cairo
Villa in Alexandria,6752446,354,4,2,Villa,Unfurnished,Alexandria,"Beautiful villa in Alexandria. 4 bedrooms, 2 bathrooms, 354 sqm. Unfurnished.",https://example.com/property/884,2026-05-04T18:39:28.478379,sample,19074.706214689264,15.72541551567327,Alexandria
Townhouse in Giza,2534648,194,4,3,Townhouse,Semi-furnished,Giza,"Beautiful townhouse in Giza. 4 bedrooms, 3 bathrooms, 194 sqm. Semi-furnished.",https://example.com/property/885,2026-05-04T18:39:28.478383,sample,13065.19587628866,14.745565723882276,Giza
Duplex in Sheikh Zayed,2788538,163,2,1,Duplex,Semi-furnished,Sheikh Zayed,"Beautiful duplex in Sheikh Zayed. 2 bedrooms, 1 bathrooms, 163 sqm. Semi-furnished.",https://example.com/property/886,2026-05-04T18:39:28.478387,sample,17107.59509202454,14.841028360727929,Sheikh Zayed
Townhouse in Cairo,2198256,139,3,1,Townhouse,Semi-furnished,Cairo,"Beautiful townhouse in Cairo. 3 bedrooms, 1 bathrooms, 139 sqm. Semi-furnished.",https://example.com/property/887,2026-05-04T18:39:28.478390,sample,15814.791366906475,14.603175331587368,Cairo
Townhouse in Cairo,3562973,284,2,2,Townhouse,Furnished,Cairo,"Beautiful townhouse in Cairo. 2 bedrooms, 2 bathrooms, 284 sqm. Furnished.",https://example.com/property/888,2026-05-04T18:39:28.478393,sample,12545.679577464789,15.086106147339907,Cairo
Townhouse in Giza,2702549,152,4,4,Townhouse,Furnished,Giza,"Beautiful townhouse in Giza. 4 bedrooms, 4 bathrooms, 152 sqm. Furnished.",https://example.com/property/889,2026-05-04T18:39:28.478397,sample,17779.927631578947,14.809706329711956,Giza
Studio in New Cairo,376163,44,0,1,Studio,Unfurnished,New Cairo,"Beautiful studio in New Cairo. 0 bedrooms, 1 bathrooms, 44 sqm. Unfurnished.",https://example.com/property/890,2026-05-04T18:39:28.478400,sample,8549.15909090909,12.83778049749022,Cairo
Apartment in Cairo,2071412,110,3,4,Apartment,Semi-furnished,Cairo,"Beautiful apartment in Cairo. 3 bedrooms, 4 bathrooms, 110 sqm. Semi-furnished.",https://example.com/property/891,2026-05-04T18:39:28.478403,sample,18831.01818181818,14.543741541065856,Cairo
Studio in Giza,369410,55,0,1,Studio,Semi-furnished,Giza,"Beautiful studio in Giza. 0 bedrooms, 1 bathrooms, 55 sqm. Semi-furnished.",https://example.com/property/892,2026-05-04T18:39:28.478406,sample,6716.545454545455,12.819665124322329,Giza
Townhouse in Sheikh Zayed,3828060,216,5,5,Townhouse,Furnished,Sheikh Zayed,"Beautiful townhouse in Sheikh Zayed. 5 bedrooms, 5 bathrooms, 216 sqm. Furnished.",https://example.com/property/893,2026-05-04T18:39:28.478409,sample,17722.5,15.157868966642228,Sheikh Zayed
Townhouse in 6th October,2321395,241,3,2,Townhouse,Furnished,6th October,"Beautiful townhouse in 6th October. 3 bedrooms, 2 bathrooms, 241 sqm. Furnished.",https://example.com/property/894,2026-05-04T18:39:28.478413,sample,9632.344398340249,14.657679286817045,6th October
Apartment in 6th October,1216972,64,3,2,Apartment,Semi-furnished,6th October,"Beautiful apartment in 6th October. 3 bedrooms, 2 bathrooms, 64 sqm. Semi-furnished.",https://example.com/property/895,2026-05-04T18:39:28.478417,sample,19015.1875,14.01187718602101,6th October
Townhouse in Cairo,1843264,141,3,2,Townhouse,Semi-furnished,Cairo,"Beautiful townhouse in Cairo. 3 bedrooms, 2 bathrooms, 141 sqm. Semi-furnished.",https://example.com/property/896,2026-05-04T18:39:28.478420,sample,13072.794326241135,14.427049013618866,Cairo
Townhouse in Giza,2773824,243,2,3,Townhouse,Unfurnished,Giza,"Beautiful townhouse in Giza. 2 bedrooms, 3 bathrooms, 243 sqm. Unfurnished.",https://example.com/property/897,2026-05-04T18:39:28.478423,sample,11414.913580246914,14.835737792070239,Giza
Apartment in Giza,2513324,156,3,3,Apartment,Furnished,Giza,"Beautiful apartment in Giza. 3 bedrooms, 3 bathrooms, 156 sqm. Furnished.",https://example.com/property/898,2026-05-04T18:39:28.478427,sample,16111.051282051281,14.737117135660665,Giza
Villa in 6th October,6680223,293,5,3,Villa,Furnished,6th October,"Beautiful villa in 6th October. 5 bedrooms, 3 bathrooms, 293 sqm. Furnished.",https://example.com/property/899,2026-05-04T18:39:28.478430,sample,22799.39590443686,15.714662077884745,6th October
Townhouse in Sheikh Zayed,2939155,194,2,3,Townhouse,Unfurnished,Sheikh Zayed,"Beautiful townhouse in Sheikh Zayed. 2 bedrooms, 3 bathrooms, 194 sqm. Unfurnished.",https://example.com/property/900,2026-05-04T18:39:28.478433,sample,15150.283505154639,14.893633023271066,Sheikh Zayed
Apartment in 6th October,2012068,137,4,5,Apartment,Furnished,6th October,"Beautiful apartment in 6th October. 4 bedrooms, 5 bathrooms, 137 sqm. Furnished.",https://example.com/property/901,2026-05-04T18:39:28.478436,sample,14686.627737226278,14.514674103848325,6th October
Studio in New Cairo,687520,46,0,1,Studio,Semi-furnished,New Cairo,"Beautiful studio in New Cairo. 0 bedrooms, 1 bathrooms, 46 sqm. Semi-furnished.",https://example.com/property/902,2026-05-04T18:39:28.478438,sample,14946.08695652174,13.440847653510906,Cairo
Studio in New Cairo,704927,58,0,1,Studio,Furnished,New Cairo,"Beautiful studio in New Cairo. 0 bedrooms, 1 bathrooms, 58 sqm. Furnished.",https://example.com/property/903,2026-05-04T18:39:28.478441,sample,12153.913793103447,13.465850948919448,Cairo
Villa in Cairo,6749649,262,5,6,Villa,Furnished,Cairo,"Beautiful villa in Cairo. 5 bedrooms, 6 bathrooms, 262 sqm. Furnished.",https://example.com/property/904,2026-05-04T18:39:28.478444,sample,25762.019083969466,15.725001209652508,Cairo
Townhouse in Cairo,2455623,283,3,1,Townhouse,Semi-furnished,Cairo,"Beautiful townhouse in Cairo. 3 bedrooms, 1 bathrooms, 283 sqm. Semi-furnished.",https://example.com/property/905,2026-05-04T18:39:28.478448,sample,8677.113074204946,14.713891462066476,Cairo
Townhouse in Cairo,2598856,150,5,4,Townhouse,Furnished,Cairo,"Beautiful townhouse in Cairo. 5 bedrooms, 4 bathrooms, 150 sqm. Furnished.",https://example.com/property/906,2026-05-04T18:39:28.478451,sample,17325.706666666665,14.770582290947923,Cairo
Villa in Giza,3897140,186,3,3,Villa,Furnished,Giza,"Beautiful villa in Giza. 3 bedrooms, 3 bathrooms, 186 sqm. Furnished.",https://example.com/property/907,2026-05-04T18:39:28.478455,sample,20952.36559139785,15.175753765344519,Giza
Studio in 6th October,329675,43,0,1,Studio,Unfurnished,6th October,"Beautiful studio in 6th October. 0 bedrooms, 1 bathrooms, 43 sqm. Unfurnished.",https://example.com/property/908,2026-05-04T18:39:28.478457,sample,7666.860465116279,12.705865632961661,6th October
Duplex in Alexandria,3175268,178,2,2,Duplex,Semi-furnished,Alexandria,"Beautiful duplex in Alexandria. 2 bedrooms, 2 bathrooms, 178 sqm. Semi-furnished.",https://example.com/property/909,2026-05-04T18:39:28.478460,sample,17838.584269662922,14.970902911129468,Alexandria
Duplex in Sheikh Zayed,3242902,110,4,3,Duplex,Unfurnished,Sheikh Zayed,"Beautiful duplex in Sheikh Zayed. 4 bedrooms, 3 bathrooms, 110 sqm. Unfurnished.",https://example.com/property/910,2026-05-04T18:39:28.478463,sample,29480.927272727273,14.991979474265499,Sheikh Zayed
Duplex in Sheikh Zayed,4398891,202,4,3,Duplex,Furnished,Sheikh Zayed,"Beautiful duplex in Sheikh Zayed. 4 bedrooms, 3 bathrooms, 202 sqm. Furnished.",https://example.com/property/911,2026-05-04T18:39:28.478466,sample,21776.688118811882,15.29686324899515,Sheikh Zayed
Townhouse in Sheikh Zayed,2634984,164,3,3,Townhouse,Semi-furnished,Sheikh Zayed,"Beautiful townhouse in Sheikh Zayed. 3 bedrooms, 3 bathrooms, 164 sqm. Semi-furnished.",https://example.com/property/912,2026-05-04T18:39:28.478469,sample,16066.975609756097,14.784388047341777,Sheikh Zayed
Duplex in New Cairo,4340128,193,4,3,Duplex,Furnished,New Cairo,"Beautiful duplex in New Cairo. 4 bedrooms, 3 bathrooms, 193 sqm. Furnished.",https://example.com/property/913,2026-05-04T18:39:28.478472,sample,22487.709844559584,15.283414629137157,Cairo
Townhouse in New Cairo,1960260,122,3,2,Townhouse,Semi-furnished,New Cairo,"Beautiful townhouse in New Cairo. 3 bedrooms, 2 bathrooms, 122 sqm. Semi-furnished.",https://example.com/property/914,2026-05-04T18:39:28.478477,sample,16067.704918032787,14.488588185606565,Cairo
Villa in New Cairo,7752906,228,6,5,Villa,Furnished,New Cairo,"Beautiful villa in New Cairo. 6 bedrooms, 5 bathrooms, 228 sqm. Furnished.",https://example.com/property/915,2026-05-04T18:39:28.478481,sample,34003.97368421053,15.863578427772515,Cairo
Villa in 6th October,4817192,291,5,4,Villa,Furnished,6th October,"Beautiful villa in 6th October. 5 bedrooms, 4 bathrooms, 291 sqm. Furnished.",https://example.com/property/916,2026-05-04T18:39:28.478485,sample,16553.92439862543,15.387701951241109,6th October
Studio in Alexandria,726852,54,0,1,Studio,Furnished,Alexandria,"Beautiful studio in Alexandria. 0 bedrooms, 1 bathrooms, 54 sqm. Furnished.",https://example.com/property/917,2026-05-04T18:39:28.478488,sample,13460.222222222223,13.496479535245005,Alexandria
Studio in Giza,310322,33,0,1,Studio,Unfurnished,Giza,"Beautiful studio in Giza. 0 bedrooms, 1 bathrooms, 33 sqm. Unfurnished.",https://example.com/property/918,2026-05-04T18:39:28.478490,sample,9403.69696969697,12.645368969507182,Giza
Townhouse in New Cairo,3387385,272,2,1,Townhouse,Furnished,New Cairo,"Beautiful townhouse in New Cairo. 2 bedrooms, 1 bathrooms, 272 sqm. Furnished.",https://example.com/property/919,2026-05-04T18:39:28.478493,sample,12453.621323529413,15.035569090467282,Cairo
Apartment in New Cairo,2156213,180,1,1,Apartment,Furnished,New Cairo,"Beautiful apartment in New Cairo. 1 bedrooms, 1 bathrooms, 180 sqm. Furnished.",https://example.com/property/920,2026-05-04T18:39:28.478496,sample,11978.961111111112,14.58386446397026,Cairo
Studio in New Cairo,472772,49,0,1,Studio,Semi-furnished,New Cairo,"Beautiful studio in New Cairo. 0 bedrooms, 1 bathrooms, 49 sqm. Semi-furnished.",https://example.com/property/921,2026-05-04T18:39:28.478499,sample,9648.408163265307,13.066370636844397,Cairo
Apartment in Alexandria,2714854,163,3,1,Apartment,Unfurnished,Alexandria,"Beautiful apartment in Alexandria. 3 bedrooms, 1 bathrooms, 163 sqm. Unfurnished.",https://example.com/property/922,2026-05-04T18:39:28.478502,sample,16655.546012269937,14.81424910292581,Alexandria
Villa in Cairo,4526308,357,3,2,Villa,Furnished,Cairo,"Beautiful villa in Cairo. 3 bedrooms, 2 bathrooms, 357 sqm. Furnished.",https://example.com/property/923,2026-05-04T18:39:28.478505,sample,12678.733893557423,15.325417375050217,Cairo
Studio in 6th October,426563,38,0,1,Studio,Unfurnished,6th October,"Beautiful studio in 6th October. 0 bedrooms, 1 bathrooms, 38 sqm. Unfurnished.",https://example.com/property/924,2026-05-04T18:39:28.478508,sample,11225.342105263158,12.96351769327285,6th October
Townhouse in 6th October,3447442,277,5,6,Townhouse,Unfurnished,6th October,"Beautiful townhouse in 6th October. 5 bedrooms, 6 bathrooms, 277 sqm. Unfurnished.",https://example.com/property/925,2026-05-04T18:39:28.478512,sample,12445.638989169674,15.053143354792823,6th October
Duplex in 6th October,1778903,110,2,1,Duplex,Semi-furnished,6th October,"Beautiful duplex in 6th October. 2 bedrooms, 1 bathrooms, 110 sqm. Semi-furnished.",https://example.com/property/926,2026-05-04T18:39:28.478516,sample,16171.845454545455,14.391508002291417,6th October
Duplex in Alexandria,2867848,168,3,1,Duplex,Unfurnished,Alexandria,"Beautiful duplex in Alexandria. 3 bedrooms, 1 bathrooms, 168 sqm. Unfurnished.",https://example.com/property/927,2026-05-04T18:39:28.478519,sample,17070.52380952381,14.869072829385328,Alexandria
Villa in Alexandria,8731297,385,3,3,Villa,Furnished,Alexandria,"Beautiful villa in Alexandria. 3 bedrooms, 3 bathrooms, 385 sqm. Furnished.",https://example.com/property/928,2026-05-04T18:39:28.478522,sample,22678.693506493506,15.98242459946693,Alexandria
Duplex in Sheikh Zayed,3650486,138,4,5,Duplex,Unfurnished,Sheikh Zayed,"Beautiful duplex in Sheikh Zayed. 4 bedrooms, 5 bathrooms, 138 sqm. Unfurnished.",https://example.com/property/929,2026-05-04T18:39:28.478525,sample,26452.797101449276,15.11037114131593,Sheikh Zayed
Townhouse in Alexandria,3418607,177,4,2,Townhouse,Furnished,Alexandria,"Beautiful townhouse in Alexandria. 4 bedrooms, 2 bathrooms, 177 sqm. Furnished.",https://example.com/property/930,2026-05-04T18:39:28.478528,sample,19314.16384180791,15.044744008640805,Alexandria
Duplex in New Cairo,2346436,136,2,1,Duplex,Furnished,New Cairo,"Beautiful duplex in New Cairo. 2 bedrooms, 1 bathrooms, 136 sqm. Furnished.",https://example.com/property/931,2026-05-04T18:39:28.478531,sample,17253.20588235294,14.668408565358419,Cairo
Villa in New Cairo,3902767,160,4,5,Villa,Unfurnished,New Cairo,"Beautiful villa in New Cairo. 4 bedrooms, 5 bathrooms, 160 sqm. Unfurnished.",https://example.com/property/932,2026-05-04T18:39:28.478535,sample,24392.29375,15.177196602940748,Cairo
Townhouse in New Cairo,3323841,181,2,2,Townhouse,Semi-furnished,New Cairo,"Beautiful townhouse in New Cairo. 2 bedrooms, 2 bathrooms, 181 sqm. Semi-furnished.",https://example.com/property/933,2026-05-04T18:39:28.478538,sample,18363.762430939227,15.016631900735083,Cairo
Apartment in Sheikh Zayed,983112,74,1,1,Apartment,Furnished,Sheikh Zayed,"Beautiful apartment in Sheikh Zayed. 1 bedrooms, 1 bathrooms, 74 sqm. Furnished.",https://example.com/property/934,2026-05-04T18:39:28.478541,sample,13285.297297297297,13.798479346744344,Sheikh Zayed
Townhouse in Alexandria,2696011,120,5,4,Townhouse,Unfurnished,Alexandria,"Beautiful townhouse in Alexandria. 5 bedrooms, 4 bathrooms, 120 sqm. Unfurnished.",https://example.com/property/935,2026-05-04T18:39:28.478545,sample,22466.758333333335,14.807284202043004,Alexandria
Duplex in Sheikh Zayed,2266430,174,2,1,Duplex,Unfurnished,Sheikh Zayed,"Beautiful duplex in Sheikh Zayed. 2 bedrooms, 1 bathrooms, 174 sqm. Unfurnished.",https://example.com/property/936,2026-05-04T18:39:28.478548,sample,13025.459770114943,14.633716905484674,Sheikh Zayed
Duplex in Giza,4491309,223,3,4,Duplex,Semi-furnished,Giza,"Beautiful duplex in Giza. 3 bedrooms, 4 bathrooms, 223 sqm. Semi-furnished.",https://example.com/property/937,2026-05-04T18:39:28.478551,sample,20140.399103139014,15.317654976630399,Giza
Duplex in Alexandria,4674202,210,2,3,Duplex,Semi-furnished,Alexandria,"Beautiful duplex in Alexandria. 2 bedrooms, 3 bathrooms, 210 sqm. Semi-furnished.",https://example.com/property/938,2026-05-04T18:39:28.478554,sample,22258.10476190476,15.357569224887916,Alexandria
Studio in Alexandria,510930,46,0,1,Studio,Furnished,Alexandria,"Beautiful studio in Alexandria. 0 bedrooms, 1 bathrooms, 46 sqm. Furnished.",https://example.com/property/939,2026-05-04T18:39:28.478557,sample,11107.173913043478,13.14398983071435,Alexandria
Townhouse in Alexandria,2221477,151,4,5,Townhouse,Unfurnished,Alexandria,"Beautiful townhouse in Alexandria. 4 bedrooms, 5 bathrooms, 151 sqm. Unfurnished.",https://example.com/property/940,2026-05-04T18:39:28.478560,sample,14711.76821192053,14.613683298090518,Alexandria
Studio in Cairo,318401,30,0,1,Studio,Furnished,Cairo,"Beautiful studio in Cairo. 0 bedrooms, 1 bathrooms, 30 sqm. Furnished.",https://example.com/property/941,2026-05-04T18:39:28.478564,sample,10613.366666666667,12.671070014339673,Cairo
Duplex in Cairo,3829361,225,2,2,Duplex,Furnished,Cairo,"Beautiful duplex in Cairo. 2 bedrooms, 2 bathrooms, 225 sqm. Furnished.",https://example.com/property/942,2026-05-04T18:39:28.478567,sample,17019.382222222222,15.158208767646435,Cairo
Villa in Cairo,8439398,283,5,6,Villa,Furnished,Cairo,"Beautiful villa in Cairo. 5 bedrooms, 6 bathrooms, 283 sqm. Furnished.",https://example.com/property/943,2026-05-04T18:39:28.478570,sample,29821.194346289754,15.948421655505886,Cairo
Studio in Alexandria,418003,33,0,1,Studio,Semi-furnished,Alexandria,"Beautiful studio in Alexandria. 0 bedrooms, 1 bathrooms, 33 sqm. Semi-furnished.",https://example.com/property/944,2026-05-04T18:39:28.478572,sample,12666.757575757576,12.943246280839098,Alexandria
Villa in Sheikh Zayed,6074727,182,5,3,Villa,Semi-furnished,Sheikh Zayed,"Beautiful villa in Sheikh Zayed. 5 bedrooms, 3 bathrooms, 182 sqm. Semi-furnished.",https://example.com/property/945,2026-05-04T18:39:28.478576,sample,33377.62087912088,15.619647772525964,Sheikh Zayed
Townhouse in Sheikh Zayed,3598750,209,4,3,Townhouse,Furnished,Sheikh Zayed,"Beautiful townhouse in Sheikh Zayed. 4 bedrooms, 3 bathrooms, 209 sqm. Furnished.",https://example.com/property/946,2026-05-04T18:39:28.478580,sample,17218.8995215311,15.096097398782746,Sheikh Zayed
Studio in 6th October,407145,49,0,1,Studio,Semi-furnished,6th October,"Beautiful studio in 6th October. 0 bedrooms, 1 bathrooms, 49 sqm. Semi-furnished.",https://example.com/property/947,2026-05-04T18:39:28.478582,sample,8309.081632653062,12.916927122457972,6th October
Studio in 6th October,481389,60,0,1,Studio,Furnished,6th October,"Beautiful studio in 6th October. 0 bedrooms, 1 bathrooms, 60 sqm. Furnished.",https://example.com/property/948,2026-05-04T18:39:28.478586,sample,8023.15,13.084433031369196,6th October
Apartment in 6th October,1255209,170,1,1,Apartment,Unfurnished,6th October,"Beautiful apartment in 6th October. 1 bedrooms, 1 bathrooms, 170 sqm. Unfurnished.",https://example.com/property/949,2026-05-04T18:39:28.478589,sample,7383.582352941176,14.042813447227095,6th October
Apartment in Giza,2183793,91,3,4,Apartment,Furnished,Giza,"Beautiful apartment in Giza. 3 bedrooms, 4 bathrooms, 91 sqm. Furnished.",https://example.com/property/950,2026-05-04T18:39:28.478592,sample,23997.725274725275,14.596574289053978,Giza
Studio in Giza,524404,49,0,1,Studio,Semi-furnished,Giza,"Beautiful studio in Giza. 0 bedrooms, 1 bathrooms, 49 sqm. Semi-furnished.",https://example.com/property/951,2026-05-04T18:39:28.478595,sample,10702.122448979591,13.170019565532558,Giza
Apartment in 6th October,2612033,182,4,4,Apartment,Furnished,6th October,"Beautiful apartment in 6th October. 4 bedrooms, 4 bathrooms, 182 sqm. Furnished.",https://example.com/property/952,2026-05-04T18:39:28.478598,sample,14351.829670329671,14.77563978613907,6th October
Duplex in Sheikh Zayed,1992077,107,2,2,Duplex,Unfurnished,Sheikh Zayed,"Beautiful duplex in Sheikh Zayed. 2 bedrooms, 2 bathrooms, 107 sqm. Unfurnished.",https://example.com/property/953,2026-05-04T18:39:28.478601,sample,18617.542056074766,14.504688872986586,Sheikh Zayed
Villa in Cairo,6240819,358,4,2,Villa,Furnished,Cairo,"Beautiful villa in Cairo. 4 bedrooms, 2 bathrooms, 358 sqm. Furnished.",https://example.com/property/954,2026-05-04T18:39:28.478604,sample,17432.45530726257,15.64662214196845,Cairo
Villa in New Cairo,7587481,207,5,5,Villa,Furnished,New Cairo,"Beautiful villa in New Cairo. 5 bedrooms, 5 bathrooms, 207 sqm. Furnished.",https://example.com/property/955,2026-05-04T18:39:28.478608,sample,36654.497584541066,15.842010342024178,Cairo
Apartment in New Cairo,3256844,166,4,5,Apartment,Semi-furnished,New Cairo,"Beautiful apartment in New Cairo. 4 bedrooms, 5 bathrooms, 166 sqm. Semi-furnished.",https://example.com/property/956,2026-05-04T18:39:28.478611,sample,19619.5421686747,14.99626949331937,Cairo
Studio in Sheikh Zayed,465907,35,0,1,Studio,Semi-furnished,Sheikh Zayed,"Beautiful studio in Sheikh Zayed. 0 bedrooms, 1 bathrooms, 35 sqm. Semi-furnished.",https://example.com/property/957,2026-05-04T18:39:28.478614,sample,13311.628571428571,13.05174346872422,Sheikh Zayed
Duplex in 6th October,1936983,114,4,2,Duplex,Unfurnished,6th October,"Beautiful duplex in 6th October. 4 bedrooms, 2 bathrooms, 114 sqm. Unfurnished.",https://example.com/property/958,2026-05-04T18:39:28.478617,sample,16991.07894736842,14.476642682158838,6th October
Townhouse in Cairo,3418008,238,3,1,Townhouse,Furnished,Cairo,"Beautiful townhouse in Cairo. 3 bedrooms, 1 bathrooms, 238 sqm. Furnished.",https://example.com/property/959,2026-05-04T18:39:28.478620,sample,14361.378151260504,15.044568775772989,Cairo
Villa in 6th October,6034577,347,3,3,Villa,Semi-furnished,6th October,"Beautiful villa in 6th October. 3 bedrooms, 3 bathrooms, 347 sqm. Semi-furnished.",https://example.com/property/960,2026-05-04T18:39:28.478623,sample,17390.71181556196,15.61301648463391,6th October
Apartment in Alexandria,1374775,86,1,2,Apartment,Furnished,Alexandria,"Beautiful apartment in Alexandria. 1 bedrooms, 2 bathrooms, 86 sqm. Furnished.",https://example.com/property/961,2026-05-04T18:39:28.478627,sample,15985.755813953489,14.133801366720773,Alexandria
Duplex in Alexandria,3432933,184,2,1,Duplex,Semi-furnished,Alexandria,"Beautiful duplex in Alexandria. 2 bedrooms, 1 bathrooms, 184 sqm. Semi-furnished.",https://example.com/property/962,2026-05-04T18:39:28.478630,sample,18657.244565217392,15.048925847087531,Alexandria
Villa in Cairo,6841870,358,3,3,Villa,Unfurnished,Cairo,"Beautiful villa in Cairo. 3 bedrooms, 3 bathrooms, 358 sqm. Unfurnished.",https://example.com/property/963,2026-05-04T18:39:28.478633,sample,19111.368715083798,15.738571790205729,Cairo
Townhouse in New Cairo,3540317,212,4,2,Townhouse,Unfurnished,New Cairo,"Beautiful townhouse in New Cairo. 4 bedrooms, 2 bathrooms, 212 sqm. Unfurnished.",https://example.com/property/964,2026-05-04T18:39:28.478637,sample,16699.60849056604,15.079727111583914,Cairo
Townhouse in Cairo,3497015,260,5,5,Townhouse,Semi-furnished,Cairo,"Beautiful townhouse in Cairo. 5 bedrooms, 5 bathrooms, 260 sqm. Semi-furnished.",https://example.com/property/965,2026-05-04T18:39:28.478641,sample,13450.057692307691,15.067420591385346,Cairo
Duplex in Sheikh Zayed,3419358,127,2,3,Duplex,Furnished,Sheikh Zayed,"Beautiful duplex in Sheikh Zayed. 2 bedrooms, 3 bathrooms, 127 sqm. Furnished.",https://example.com/property/966,2026-05-04T18:39:28.478644,sample,26924.07874015748,15.044963664571586,Sheikh Zayed
Villa in New Cairo,6249461,385,4,2,Villa,Unfurnished,New Cairo,"Beautiful villa in New Cairo. 4 bedrooms, 2 bathrooms, 385 sqm. Unfurnished.",https://example.com/property/967,2026-05-04T18:39:28.478648,sample,16232.366233766234,15.648005938007488,Cairo
Townhouse in Alexandria,5092645,273,5,6,Townhouse,Semi-furnished,Alexandria,"Beautiful townhouse in Alexandria. 5 bedrooms, 6 bathrooms, 273 sqm. Semi-furnished.",https://example.com/property/968,2026-05-04T18:39:28.478651,sample,18654.37728937729,15.443308096284307,Alexandria
Townhouse in 6th October,1492379,122,2,3,Townhouse,Unfurnished,6th October,"Beautiful townhouse in 6th October. 2 bedrooms, 3 bathrooms, 122 sqm. Unfurnished.",https://example.com/property/969,2026-05-04T18:39:28.478654,sample,12232.61475409836,14.215882719006428,6th October
Villa in Giza,3523091,189,5,3,Villa,Unfurnished,Giza,"Beautiful villa in Giza. 5 bedrooms, 3 bathrooms, 189 sqm. Unfurnished.",https://example.com/property/970,2026-05-04T18:39:28.478658,sample,18640.693121693123,15.074849571089702,Giza
Villa in Alexandria,8029754,302,4,5,Villa,Furnished,Alexandria,"Beautiful villa in Alexandria. 4 bedrooms, 5 bathrooms, 302 sqm. Furnished.",https://example.com/property/971,2026-05-04T18:39:28.478661,sample,26588.58940397351,15.898664574872182,Alexandria
Villa in New Cairo,3800696,186,4,4,Villa,Unfurnished,New Cairo,"Beautiful villa in New Cairo. 4 bedrooms, 4 bathrooms, 186 sqm. Unfurnished.",https://example.com/property/972,2026-05-04T18:39:28.478664,sample,20433.84946236559,15.150695028929661,Cairo
Studio in Giza,506544,51,0,1,Studio,Unfurnished,Giza,"Beautiful studio in Giza. 0 bedrooms, 1 bathrooms, 51 sqm. Unfurnished.",https://example.com/property/973,2026-05-04T18:39:28.478667,sample,9932.235294117647,13.135368443739198,Giza
Duplex in Alexandria,3988953,225,3,4,Duplex,Unfurnished,Alexandria,"Beautiful duplex in Alexandria. 3 bedrooms, 4 bathrooms, 225 sqm. Unfurnished.",https://example.com/property/974,2026-05-04T18:39:28.478671,sample,17728.68,15.199039599108845,Alexandria
Duplex in New Cairo,4267890,171,2,3,Duplex,Unfurnished,New Cairo,"Beautiful duplex in New Cairo. 2 bedrooms, 3 bathrooms, 171 sqm. Unfurnished.",https://example.com/property/975,2026-05-04T18:39:28.478675,sample,24958.42105263158,15.266630352183562,Cairo
Villa in Sheikh Zayed,6656303,247,5,4,Villa,Unfurnished,Sheikh Zayed,"Beautiful villa in Sheikh Zayed. 5 bedrooms, 4 bathrooms, 247 sqm. Unfurnished.",https://example.com/property/976,2026-05-04T18:39:28.478678,sample,26948.595141700403,15.711074933517121,Sheikh Zayed
Duplex in 6th October,4030623,231,3,1,Duplex,Unfurnished,6th October,"Beautiful duplex in 6th October. 3 bedrooms, 1 bathrooms, 231 sqm. Unfurnished.",https://example.com/property/977,2026-05-04T18:39:28.478681,sample,17448.584415584417,15.209431760646268,6th October
Villa in Cairo,6159949,275,5,3,Villa,Furnished,Cairo,"Beautiful villa in Cairo. 5 bedrooms, 3 bathrooms, 275 sqm. Furnished.",https://example.com/property/978,2026-05-04T18:39:28.478684,sample,22399.814545454545,15.633579218593644,Cairo
Townhouse in Cairo,2903558,244,3,3,Townhouse,Unfurnished,Cairo,"Beautiful townhouse in Cairo. 3 bedrooms, 3 bathrooms, 244 sqm. Unfurnished.",https://example.com/property/979,2026-05-04T18:39:28.478687,sample,11899.827868852459,14.88144778389087,Cairo
Townhouse in Sheikh Zayed,3064449,130,5,4,Townhouse,Unfurnished,Sheikh Zayed,"Beautiful townhouse in Sheikh Zayed. 5 bedrooms, 4 bathrooms, 130 sqm. Unfurnished.",https://example.com/property/980,2026-05-04T18:39:28.478690,sample,23572.684615384616,14.93537866589947,Sheikh Zayed
Villa in New Cairo,5921790,217,6,4,Villa,Semi-furnished,New Cairo,"Beautiful villa in New Cairo. 6 bedrooms, 4 bathrooms, 217 sqm. Semi-furnished.",https://example.com/property/981,2026-05-04T18:39:28.478694,sample,27289.354838709678,15.594149494889855,Cairo
Apartment in Cairo,1119439,107,1,1,Apartment,Semi-furnished,Cairo,"Beautiful apartment in Cairo. 1 bedrooms, 1 bathrooms, 107 sqm. Semi-furnished.",https://example.com/property/982,2026-05-04T18:39:28.478698,sample,10462.046728971962,13.928339118229594,Cairo
Townhouse in Cairo,3106438,260,3,2,Townhouse,Unfurnished,Cairo,"Beautiful townhouse in Cairo. 3 bedrooms, 2 bathrooms, 260 sqm. Unfurnished.",https://example.com/property/983,2026-05-04T18:39:28.478701,sample,11947.838461538462,14.948987612046512,Cairo
Studio in 6th October,413435,55,0,1,Studio,Semi-furnished,6th October,"Beautiful studio in 6th October. 0 bedrooms, 1 bathrooms, 55 sqm. Semi-furnished.",https://example.com/property/984,2026-05-04T18:39:28.478704,sample,7517.0,12.932258005166917,6th October
Duplex in 6th October,2010143,121,4,3,Duplex,Unfurnished,6th October,"Beautiful duplex in 6th October. 4 bedrooms, 3 bathrooms, 121 sqm. Unfurnished.",https://example.com/property/985,2026-05-04T18:39:28.478708,sample,16612.752066115703,14.513716919260153,6th October
Duplex in New Cairo,4192633,197,4,2,Duplex,Unfurnished,New Cairo,"Beautiful duplex in New Cairo. 4 bedrooms, 2 bathrooms, 197 sqm. Unfurnished.",https://example.com/property/986,2026-05-04T18:39:28.478712,sample,21282.401015228428,15.248839734005346,Cairo
Apartment in Sheikh Zayed,2680701,170,1,2,Apartment,Furnished,Sheikh Zayed,"Beautiful apartment in Sheikh Zayed. 1 bedrooms, 2 bathrooms, 170 sqm. Furnished.",https://example.com/property/987,2026-05-04T18:39:28.478716,sample,15768.829411764706,14.801589258485176,Sheikh Zayed
Apartment in Alexandria,2164119,92,4,4,Apartment,Unfurnished,Alexandria,"Beautiful apartment in Alexandria. 4 bedrooms, 4 bathrooms, 92 sqm. Unfurnished.",https://example.com/property/988,2026-05-04T18:39:28.478720,sample,23523.032608695652,14.587524370276121,Alexandria
Duplex in New Cairo,3559062,228,4,2,Duplex,Semi-furnished,New Cairo,"Beautiful duplex in New Cairo. 4 bedrooms, 2 bathrooms, 228 sqm. Semi-furnished.",https://example.com/property/989,2026-05-04T18:39:28.478724,sample,15609.921052631578,15.085007865937232,Cairo
Apartment in Alexandria,1647921,181,2,1,Apartment,Semi-furnished,Alexandria,"Beautiful apartment in Alexandria. 2 bedrooms, 1 bathrooms, 181 sqm. Semi-furnished.",https://example.com/property/990,2026-05-04T18:39:28.478728,sample,9104.53591160221,14.315025658234362,Alexandria
Townhouse in Sheikh Zayed,2493996,207,4,4,Townhouse,Unfurnished,Sheikh Zayed,"Beautiful townhouse in Sheikh Zayed. 4 bedrooms, 4 bathrooms, 207 sqm. Unfurnished.",https://example.com/property/991,2026-05-04T18:39:28.478731,sample,12048.289855072464,14.729397202334466,Sheikh Zayed
Townhouse in New Cairo,4988747,210,5,5,Townhouse,Furnished,New Cairo,"Beautiful townhouse in New Cairo. 5 bedrooms, 5 bathrooms, 210 sqm. Furnished.",https://example.com/property/992,2026-05-04T18:39:28.478734,sample,23755.938095238096,15.42269553444297,Cairo
Studio in New Cairo,492589,37,0,1,Studio,Semi-furnished,New Cairo,"Beautiful studio in New Cairo. 0 bedrooms, 1 bathrooms, 37 sqm. Semi-furnished.",https://example.com/property/993,2026-05-04T18:39:28.478737,sample,13313.216216216217,13.107432464015908,Cairo
Villa in 6th October,3862056,171,3,3,Villa,Furnished,6th October,"Beautiful villa in 6th October. 3 bedrooms, 3 bathrooms, 171 sqm. Furnished.",https://example.com/property/994,2026-05-04T18:39:28.478740,sample,22585.122807017542,15.16671050105381,6th October
Apartment in Giza,1582788,93,2,3,Apartment,Furnished,Giza,"Beautiful apartment in Giza. 2 bedrooms, 3 bathrooms, 93 sqm. Furnished.",https://example.com/property/995,2026-05-04T18:39:28.478744,sample,17019.225806451614,14.27469903875988,Giza
Duplex in Sheikh Zayed,3662322,220,2,1,Duplex,Furnished,Sheikh Zayed,"Beautiful duplex in Sheikh Zayed. 2 bedrooms, 1 bathrooms, 220 sqm. Furnished.",https://example.com/property/996,2026-05-04T18:39:28.478749,sample,16646.918181818182,15.113608203494591,Sheikh Zayed
Townhouse in Giza,4221875,288,5,4,Townhouse,Furnished,Giza,"Beautiful townhouse in Giza. 5 bedrooms, 4 bathrooms, 288 sqm. Furnished.",https://example.com/property/997,2026-05-04T18:39:28.478752,sample,14659.288194444445,15.255790136992257,Giza
Townhouse in Cairo,3538725,260,4,2,Townhouse,Furnished,Cairo,"Beautiful townhouse in Cairo. 4 bedrooms, 2 bathrooms, 260 sqm. Furnished.",https://example.com/property/998,2026-05-04T18:39:28.478755,sample,13610.48076923077,15.079277333329438,Cairo
Villa in Giza,6513465,306,6,7,Villa,Furnished,Giza,"Beautiful villa in Giza. 6 bedrooms, 7 bathrooms, 306 sqm. Furnished.",https://example.com/property/999,2026-05-04T18:39:28.478758,sample,21285.833333333332,15.68938228417829,Giza
